dataset,id,word_count,iqr_lower,iqr_upper,label
dataset1,006_001_001,2,1.0,1.0,Azul claro
dataset1,006_001_002,2,1.0,1.0,Azul claro
dataset1,006_001_003,2,1.0,1.0,Azul claro
dataset1,006_001_004,2,1.0,1.0,Azul claro
dataset1,006_001_005,2,1.0,1.0,Azul claro
dataset1,006_002_001,2,1.0,1.0,Azul claro
dataset1,006_002_002,2,1.0,1.0,Azul claro
dataset1,006_002_003,2,1.0,1.0,Azul claro
dataset1,006_002_004,2,1.0,1.0,Azul claro
dataset1,006_002_005,2,1.0,1.0,Azul claro
dataset1,006_003_001,2,1.0,1.0,Azul claro
dataset1,006_003_002,2,1.0,1.0,Azul claro
dataset1,006_003_003,2,1.0,1.0,Azul claro
dataset1,006_003_004,2,1.0,1.0,Azul claro
dataset1,006_003_005,2,1.0,1.0,Azul claro
dataset1,006_004_001,2,1.0,1.0,Azul claro
dataset1,006_004_002,2,1.0,1.0,Azul claro
dataset1,006_004_003,2,1.0,1.0,Azul claro
dataset1,006_004_004,2,1.0,1.0,Azul claro
dataset1,006_004_005,2,1.0,1.0,Azul claro
dataset1,006_005_001,2,1.0,1.0,Azul claro
dataset1,006_005_002,2,1.0,1.0,Azul claro
dataset1,006_005_003,2,1.0,1.0,Azul claro
dataset1,006_005_004,2,1.0,1.0,Azul claro
dataset1,006_005_005,2,1.0,1.0,Azul claro
dataset1,006_006_001,2,1.0,1.0,Azul claro
dataset1,006_006_002,2,1.0,1.0,Azul claro
dataset1,006_006_003,2,1.0,1.0,Azul claro
dataset1,006_006_004,2,1.0,1.0,Azul claro
dataset1,006_006_005,2,1.0,1.0,Azul claro
dataset1,006_007_001,2,1.0,1.0,Azul claro
dataset1,006_007_002,2,1.0,1.0,Azul claro
dataset1,006_007_003,2,1.0,1.0,Azul claro
dataset1,006_007_004,2,1.0,1.0,Azul claro
dataset1,006_007_005,2,1.0,1.0,Azul claro
dataset1,006_008_001,2,1.0,1.0,Azul claro
dataset1,006_008_002,2,1.0,1.0,Azul claro
dataset1,006_008_003,2,1.0,1.0,Azul claro
dataset1,006_008_004,2,1.0,1.0,Azul claro
dataset1,006_008_005,2,1.0,1.0,Azul claro
dataset1,006_009_001,2,1.0,1.0,Azul claro
dataset1,006_009_002,2,1.0,1.0,Azul claro
dataset1,006_009_003,2,1.0,1.0,Azul claro
dataset1,006_009_004,2,1.0,1.0,Azul claro
dataset1,006_009_005,2,1.0,1.0,Azul claro
dataset1,006_010_001,2,1.0,1.0,Azul claro
dataset1,006_010_002,2,1.0,1.0,Azul claro
dataset1,006_010_003,2,1.0,1.0,Azul claro
dataset1,006_010_004,2,1.0,1.0,Azul claro
dataset1,006_010_005,2,1.0,1.0,Azul claro
dataset1,020_001_001,2,1.0,1.0,Leche dulce
dataset1,020_001_002,2,1.0,1.0,Leche dulce
dataset1,020_001_003,2,1.0,1.0,Leche dulce
dataset1,020_001_004,2,1.0,1.0,Leche dulce
dataset1,020_001_005,2,1.0,1.0,Leche dulce
dataset1,020_002_001,2,1.0,1.0,Leche dulce
dataset1,020_002_002,2,1.0,1.0,Leche dulce
dataset1,020_002_003,2,1.0,1.0,Leche dulce
dataset1,020_002_004,2,1.0,1.0,Leche dulce
dataset1,020_002_005,2,1.0,1.0,Leche dulce
dataset1,020_003_001,2,1.0,1.0,Leche dulce
dataset1,020_003_002,2,1.0,1.0,Leche dulce
dataset1,020_003_003,2,1.0,1.0,Leche dulce
dataset1,020_003_004,2,1.0,1.0,Leche dulce
dataset1,020_003_005,2,1.0,1.0,Leche dulce
dataset1,020_004_001,2,1.0,1.0,Leche dulce
dataset1,020_004_002,2,1.0,1.0,Leche dulce
dataset1,020_004_003,2,1.0,1.0,Leche dulce
dataset1,020_004_004,2,1.0,1.0,Leche dulce
dataset1,020_004_005,2,1.0,1.0,Leche dulce
dataset1,020_005_001,2,1.0,1.0,Leche dulce
dataset1,020_005_002,2,1.0,1.0,Leche dulce
dataset1,020_005_003,2,1.0,1.0,Leche dulce
dataset1,020_005_004,2,1.0,1.0,Leche dulce
dataset1,020_005_005,2,1.0,1.0,Leche dulce
dataset1,020_006_001,2,1.0,1.0,Leche dulce
dataset1,020_006_002,2,1.0,1.0,Leche dulce
dataset1,020_006_003,2,1.0,1.0,Leche dulce
dataset1,020_006_004,2,1.0,1.0,Leche dulce
dataset1,020_006_005,2,1.0,1.0,Leche dulce
dataset1,020_007_001,2,1.0,1.0,Leche dulce
dataset1,020_007_002,2,1.0,1.0,Leche dulce
dataset1,020_007_003,2,1.0,1.0,Leche dulce
dataset1,020_007_004,2,1.0,1.0,Leche dulce
dataset1,020_007_005,2,1.0,1.0,Leche dulce
dataset1,020_008_001,2,1.0,1.0,Leche dulce
dataset1,020_008_002,2,1.0,1.0,Leche dulce
dataset1,020_008_003,2,1.0,1.0,Leche dulce
dataset1,020_008_004,2,1.0,1.0,Leche dulce
dataset1,020_008_005,2,1.0,1.0,Leche dulce
dataset1,020_009_001,2,1.0,1.0,Leche dulce
dataset1,020_009_002,2,1.0,1.0,Leche dulce
dataset1,020_009_003,2,1.0,1.0,Leche dulce
dataset1,020_009_004,2,1.0,1.0,Leche dulce
dataset1,020_009_005,2,1.0,1.0,Leche dulce
dataset1,020_010_001,2,1.0,1.0,Leche dulce
dataset1,020_010_002,2,1.0,1.0,Leche dulce
dataset1,020_010_003,2,1.0,1.0,Leche dulce
dataset1,020_010_004,2,1.0,1.0,Leche dulce
dataset1,020_010_005,2,1.0,1.0,Leche dulce
dataset1,047_001_001,3,1.0,1.0,Goma de mascar
dataset1,047_001_002,3,1.0,1.0,Goma de mascar
dataset1,047_001_003,3,1.0,1.0,Goma de mascar
dataset1,047_001_004,3,1.0,1.0,Goma de mascar
dataset1,047_001_005,3,1.0,1.0,Goma de mascar
dataset1,047_002_001,3,1.0,1.0,Goma de mascar
dataset1,047_002_002,3,1.0,1.0,Goma de mascar
dataset1,047_002_003,3,1.0,1.0,Goma de mascar
dataset1,047_002_004,3,1.0,1.0,Goma de mascar
dataset1,047_002_005,3,1.0,1.0,Goma de mascar
dataset1,047_003_001,3,1.0,1.0,Goma de mascar
dataset1,047_003_002,3,1.0,1.0,Goma de mascar
dataset1,047_003_003,3,1.0,1.0,Goma de mascar
dataset1,047_003_004,3,1.0,1.0,Goma de mascar
dataset1,047_003_005,3,1.0,1.0,Goma de mascar
dataset1,047_004_001,3,1.0,1.0,Goma de mascar
dataset1,047_004_002,3,1.0,1.0,Goma de mascar
dataset1,047_004_003,3,1.0,1.0,Goma de mascar
dataset1,047_004_004,3,1.0,1.0,Goma de mascar
dataset1,047_004_005,3,1.0,1.0,Goma de mascar
dataset1,047_005_001,3,1.0,1.0,Goma de mascar
dataset1,047_005_002,3,1.0,1.0,Goma de mascar
dataset1,047_005_003,3,1.0,1.0,Goma de mascar
dataset1,047_005_004,3,1.0,1.0,Goma de mascar
dataset1,047_005_005,3,1.0,1.0,Goma de mascar
dataset1,047_006_001,3,1.0,1.0,Goma de mascar
dataset1,047_006_002,3,1.0,1.0,Goma de mascar
dataset1,047_006_003,3,1.0,1.0,Goma de mascar
dataset1,047_006_004,3,1.0,1.0,Goma de mascar
dataset1,047_006_005,3,1.0,1.0,Goma de mascar
dataset1,047_007_001,3,1.0,1.0,Goma de mascar
dataset1,047_007_002,3,1.0,1.0,Goma de mascar
dataset1,047_007_003,3,1.0,1.0,Goma de mascar
dataset1,047_007_004,3,1.0,1.0,Goma de mascar
dataset1,047_007_005,3,1.0,1.0,Goma de mascar
dataset1,047_008_001,3,1.0,1.0,Goma de mascar
dataset1,047_008_002,3,1.0,1.0,Goma de mascar
dataset1,047_008_003,3,1.0,1.0,Goma de mascar
dataset1,047_008_004,3,1.0,1.0,Goma de mascar
dataset1,047_008_005,3,1.0,1.0,Goma de mascar
dataset1,047_009_001,3,1.0,1.0,Goma de mascar
dataset1,047_009_002,3,1.0,1.0,Goma de mascar
dataset1,047_009_003,3,1.0,1.0,Goma de mascar
dataset1,047_009_004,3,1.0,1.0,Goma de mascar
dataset1,047_009_005,3,1.0,1.0,Goma de mascar
dataset1,047_010_001,3,1.0,1.0,Goma de mascar
dataset1,047_010_002,3,1.0,1.0,Goma de mascar
dataset1,047_010_003,3,1.0,1.0,Goma de mascar
dataset1,047_010_004,3,1.0,1.0,Goma de mascar
dataset1,047_010_005,3,1.0,1.0,Goma de mascar
dataset1,054_001_001,2,1.0,1.0,A tierra
dataset1,054_001_002,2,1.0,1.0,A tierra
dataset1,054_001_003,2,1.0,1.0,A tierra
dataset1,054_001_004,2,1.0,1.0,A tierra
dataset1,054_001_005,2,1.0,1.0,A tierra
dataset1,054_002_001,2,1.0,1.0,A tierra
dataset1,054_002_002,2,1.0,1.0,A tierra
dataset1,054_002_003,2,1.0,1.0,A tierra
dataset1,054_002_004,2,1.0,1.0,A tierra
dataset1,054_002_005,2,1.0,1.0,A tierra
dataset1,054_003_001,2,1.0,1.0,A tierra
dataset1,054_003_002,2,1.0,1.0,A tierra
dataset1,054_003_003,2,1.0,1.0,A tierra
dataset1,054_003_004,2,1.0,1.0,A tierra
dataset1,054_003_005,2,1.0,1.0,A tierra
dataset1,054_004_001,2,1.0,1.0,A tierra
dataset1,054_004_002,2,1.0,1.0,A tierra
dataset1,054_004_003,2,1.0,1.0,A tierra
dataset1,054_004_004,2,1.0,1.0,A tierra
dataset1,054_004_005,2,1.0,1.0,A tierra
dataset1,054_005_001,2,1.0,1.0,A tierra
dataset1,054_005_002,2,1.0,1.0,A tierra
dataset1,054_005_003,2,1.0,1.0,A tierra
dataset1,054_005_004,2,1.0,1.0,A tierra
dataset1,054_005_005,2,1.0,1.0,A tierra
dataset1,054_006_001,2,1.0,1.0,A tierra
dataset1,054_006_002,2,1.0,1.0,A tierra
dataset1,054_006_003,2,1.0,1.0,A tierra
dataset1,054_006_004,2,1.0,1.0,A tierra
dataset1,054_006_005,2,1.0,1.0,A tierra
dataset1,054_007_001,2,1.0,1.0,A tierra
dataset1,054_007_002,2,1.0,1.0,A tierra
dataset1,054_007_003,2,1.0,1.0,A tierra
dataset1,054_007_004,2,1.0,1.0,A tierra
dataset1,054_007_005,2,1.0,1.0,A tierra
dataset1,054_008_001,2,1.0,1.0,A tierra
dataset1,054_008_002,2,1.0,1.0,A tierra
dataset1,054_008_003,2,1.0,1.0,A tierra
dataset1,054_008_004,2,1.0,1.0,A tierra
dataset1,054_008_005,2,1.0,1.0,A tierra
dataset1,054_009_001,2,1.0,1.0,A tierra
dataset1,054_009_002,2,1.0,1.0,A tierra
dataset1,054_009_003,2,1.0,1.0,A tierra
dataset1,054_009_004,2,1.0,1.0,A tierra
dataset1,054_009_005,2,1.0,1.0,A tierra
dataset1,054_010_001,2,1.0,1.0,A tierra
dataset1,054_010_002,2,1.0,1.0,A tierra
dataset1,054_010_003,2,1.0,1.0,A tierra
dataset1,054_010_004,2,1.0,1.0,A tierra
dataset1,054_010_005,2,1.0,1.0,A tierra
dataset1,062_001_001,3,1.0,1.0,Darse cuenta de
dataset1,062_001_002,3,1.0,1.0,Darse cuenta de
dataset1,062_001_003,3,1.0,1.0,Darse cuenta de
dataset1,062_001_004,3,1.0,1.0,Darse cuenta de
dataset1,062_001_005,3,1.0,1.0,Darse cuenta de
dataset1,062_002_001,3,1.0,1.0,Darse cuenta de
dataset1,062_002_002,3,1.0,1.0,Darse cuenta de
dataset1,062_002_003,3,1.0,1.0,Darse cuenta de
dataset1,062_002_004,3,1.0,1.0,Darse cuenta de
dataset1,062_002_005,3,1.0,1.0,Darse cuenta de
dataset1,062_003_001,3,1.0,1.0,Darse cuenta de
dataset1,062_003_002,3,1.0,1.0,Darse cuenta de
dataset1,062_003_003,3,1.0,1.0,Darse cuenta de
dataset1,062_003_004,3,1.0,1.0,Darse cuenta de
dataset1,062_003_005,3,1.0,1.0,Darse cuenta de
dataset1,062_004_001,3,1.0,1.0,Darse cuenta de
dataset1,062_004_002,3,1.0,1.0,Darse cuenta de
dataset1,062_004_003,3,1.0,1.0,Darse cuenta de
dataset1,062_004_004,3,1.0,1.0,Darse cuenta de
dataset1,062_004_005,3,1.0,1.0,Darse cuenta de
dataset1,062_005_001,3,1.0,1.0,Darse cuenta de
dataset1,062_005_002,3,1.0,1.0,Darse cuenta de
dataset1,062_005_003,3,1.0,1.0,Darse cuenta de
dataset1,062_005_004,3,1.0,1.0,Darse cuenta de
dataset1,062_005_005,3,1.0,1.0,Darse cuenta de
dataset1,062_006_001,3,1.0,1.0,Darse cuenta de
dataset1,062_006_002,3,1.0,1.0,Darse cuenta de
dataset1,062_006_003,3,1.0,1.0,Darse cuenta de
dataset1,062_006_004,3,1.0,1.0,Darse cuenta de
dataset1,062_006_005,3,1.0,1.0,Darse cuenta de
dataset1,062_007_001,3,1.0,1.0,Darse cuenta de
dataset1,062_007_002,3,1.0,1.0,Darse cuenta de
dataset1,062_007_003,3,1.0,1.0,Darse cuenta de
dataset1,062_007_004,3,1.0,1.0,Darse cuenta de
dataset1,062_007_005,3,1.0,1.0,Darse cuenta de
dataset1,062_008_001,3,1.0,1.0,Darse cuenta de
dataset1,062_008_002,3,1.0,1.0,Darse cuenta de
dataset1,062_008_003,3,1.0,1.0,Darse cuenta de
dataset1,062_008_004,3,1.0,1.0,Darse cuenta de
dataset1,062_008_005,3,1.0,1.0,Darse cuenta de
dataset1,062_009_001,3,1.0,1.0,Darse cuenta de
dataset1,062_009_002,3,1.0,1.0,Darse cuenta de
dataset1,062_009_003,3,1.0,1.0,Darse cuenta de
dataset1,062_009_004,3,1.0,1.0,Darse cuenta de
dataset1,062_009_005,3,1.0,1.0,Darse cuenta de
dataset1,062_010_001,3,1.0,1.0,Darse cuenta de
dataset1,062_010_002,3,1.0,1.0,Darse cuenta de
dataset1,062_010_003,3,1.0,1.0,Darse cuenta de
dataset1,062_010_004,3,1.0,1.0,Darse cuenta de
dataset1,062_010_005,3,1.0,1.0,Darse cuenta de
dataset2,noticias-en-lengua-de-senas-argentina-resumen-semanal-29112020_2,42,-11.5,40.5," mientras trabajábamos para brindarte toda la información en nuestro primer programa, nos impactó la noticia de la muerte de diego maradona, el futbolista conocido mundialmente quien llevó a la argentina a ser campeón en el mundial 86, en medio de un mundo convulsionado."
dataset2,noticias-en-lengua-de-senas-argentina-resumen-semanal-29112020_34,50,-11.5,40.5,"hoy estamos acá, y mirando el mar pensaba que, esta semana, justamente, el sindicato de guardavidas le pidió al municipio de villa gesell un aumento de salario del 15 %, motivo por el cual se mantuvieron varias reuniones sin resultado alguno, y por lo cual se seguirán manteniendo reuniones la próxima semana."
dataset2,noticias-en-lengua-de-senas-argentina-resumen-semanal-29112020_87,53,-11.5,40.5,"el protocolo para los restaurantes es el mismo: las mesas al aire libre, con alcohol, y, además, algo interesante con respecto a los hoteles: se pueden alquilar habitaciones normalmente, aquellas personas que hayan reservado media pensión o pensión completa podrán solicitar a la administración del mismo que se les brinde servicio al cuarto."
dataset2,noticias-en-lengua-de-senas-argentina-resumen-semanal-29112020_108,41,-11.5,40.5,"la principal diferencia entre la vacuna de moderna y la de oxford-astrazeneca es que esta última se puede almacenar a temperatura ambiente, lo que permite imaginar una distribución a distintas partes del mundo sin obstáculos por la refrigeración (cadena de frío)."
dataset2,noticias-en-lengua-de-senas-argentina-resumen-semanal-29112020_187,59,-11.5,40.5,"también puede haber visión borrosa, dolores de cabeza, ganas de no conectarse por un día, y deseo constante de cerrar los ojos. por eso, como prevención, los científicos recomiendan descansar la vista frecuentemente, dirigiendo la mirada fuera de la pantalla cada 20 minutos hacia objetos que estén a una distancia de 6 metros de los ojos, durante al menos unos 20 segundos."
dataset2,noticias-en-lengua-de-senas-argentina-resumen-semanal-29112020_272,53,-11.5,40.5,"por su parte la comisión de educación, cultura, ciencia y técnica de santa cruz mantuvo reuniones las profesoras lorena koch y miriam inozenzi, con quienes analizaron el proyecto que pide al poder ejecutivo provincial la reglamentación de la ley n° 3464, reconocer a la lsa como lengua oficial y derecho de las personas sordas."
dataset2,noticias-en-lengua-de-senas-argentina-resumen-semanal-29112020_277,56,-11.5,40.5,"el colectivo de personas sordas posee grandes dificultades para leer y escribir, y el acceso a la información puede resultarles dificultoso o nulo, por eso, es necesario generar herramientas que destaquen la importancia de la diversidad lingüística y cultural, pero que a su vez permitan concretar ese derecho a utilizar la lsa como medio de expresión."
dataset2,noticias-en-lengua-de-senas-argentina-resumen-semanal-29112020_287,45,-11.5,40.5,"el 24 de noviembre pasado se realizó el acto de instalación de un banco rojo en el espacio ""parque de la estación"", en la intersección de las calles gallo y perón, en nombre de la comunidad sorda argentina y la erradicación de la violencia de género."
dataset2,noticias-en-lengua-de-senas-argentina-lsa-resumen-semanal-5122021_26,41,-11.5,40.5,"la respuesta es sí, pero todos los servicios contratados con el exterior que se paguen con tarjeta de crédito deberán ser saldados en un único pago o financiados con la tasa del 43% promedio fijada para el “pago mínimo” de los resúmenes."
dataset2,noticias-en-lengua-de-senas-argentina-lsa-resumen-semanal-5122021_52,42,-11.5,40.5,"las razones que llevaron al bcra a tomar esta medida son más que evidentes: la necesidad de desalentar que salgan dólares del país y así se sigan debilitando sus reservas, frente a la incertidumbre que genera el demorado acuerdo con el fmi."
dataset2,noticias-en-lengua-de-senas-argentina-lsa-resumen-semanal-5122021_105,54,-11.5,40.5,"marcela belviso dijo a cn sordos: ""fue una gran experiencia para los nadadores; con el apoyo de la secretaría de deportes tuvimos igualdad de oportunidades con nadadores paralímpicos y también del mundo olímpico, que nos sirvió como preparación para las sordolimpiadas del próximo año y al mundial de 2023 que se realizará en buenos aires""."
dataset2,noticias-en-lengua-de-senas-argentina-lsa-resumen-semanal-5122021_127,45,-11.5,40.5,"se destacó la necesidad de realizar acciones de difusión y concientización sobre el rol que deben adoptar los medios de comunicación para lograr una plena y efectiva inclusión de las personas con discapacidad, tanto en el ámbito laboral como en la accesibilidad de la información."
dataset2,noticias-en-lengua-de-senas-argentina-lsa-resumen-semanal-5122021_197,44,-11.5,40.5,"tomando nuevamente el ejemplo del libro, los signos fijos vienen a representar esa etapa en la que alguien debió pasar horas y horas escribiendo, corrigiendo y volviendo a escribir, con el fin de llegar a un resultado o al menos de terminar un capítulo."
dataset2,noticias-en-lengua-de-senas-argentina-lsa-resumen-semanal-5122021_203,54,-11.5,40.5,"tauro será así el que marque los objetivos y cree los recursos materiales, escorpio es el maestro generador de cambios radicales a nivel emocional pudiendo llevarnos de un extremo a otro, y acuario, siempre innovador, es un signo que genera ideas revolucionarias a nivel colectivo enfocándose tanto en lo social como en lo medioambiental."
dataset2,noticias-en-lengua-de-senas-argentina-lsa-resumen-semanal-5122021_220,52,-11.5,40.5,"sagitario modifica estructuras de enseñanza y tiene un gran poder para proponer nuevos puntos de vista sobre el sentido de la vida, y por último piscis, con la percepción que lo caracteriza, es el encargado de renovar las emociones y los humores tanto propios como del entorno en el que se encuentre."
dataset2,noticias-en-lengua-de-senas-argentina-resumen-semanal-07032021_48,58,-11.5,40.5,"a medida que se fueron conociendo los nombres de los involucrados, el escándalo fue creciendo. hubo listados de vacunados en todas las provincias y municipios; y lo peor de todo es que se generó una situación de desconfianza sobre el sistema de vacunación, que esperemos quede saldado lo más rápido posible por el bienestar de todos los argentinos."
dataset2,noticias-en-lengua-de-senas-argentina-resumen-semanal-07032021_54,46,-11.5,40.5,"luego de todo esto, las nuevas autoridades sanitarias definieron quiénes serán considerados como “personal estratégico” para recibir la vacuna al mismo tiempo que se presentaron una docena de denuncias en la justicia federal, quien será la encargada de determinar las sanciones o penas para los involucrados."
dataset2,noticias-en-lengua-de-senas-argentina-resumen-semanal-07032021_62,42,-11.5,40.5,"ahí mismo, el presidente alberto fernández, sorprendió a algunos que esperaban un discurso conciliador ante la crisis política del vacunatorio vip, y sorprendió apartándose de la moderación que cultivó desde el inicio de su gestión y tomando el camino de la polarización."
dataset2,noticias-en-lengua-de-senas-argentina-resumen-semanal-07032021_72,54,-11.5,40.5,"alberto fernández le pidió al congreso que trate y apruebe dos proyectos de reforma judicial que cuentan con media sanción del senado y que son resistidos por la oposición. uno es la reforma al fuero federal en el que amplía la cantidad de juzgados de comodoro py, donde se investigan las causas de corrupción."
dataset2,noticias-en-lengua-de-senas-argentina-resumen-semanal-07032021_89,42,-11.5,40.5,"también anunció una reforma en el consejo de la magistratura de la nación, el órgano encargado de la selección y acusación de los jueces nacionales y federales. y enviará al congreso un proyecto para aplicar el juicio por jurados para delitos federales."
dataset2,noticias-en-lengua-de-senas-argentina-resumen-semanal-07032021_101,46,-11.5,40.5,"el laboratorio richmond de la argentina firmó un principio de acuerdo con el fondo ruso de inversión directa (rdif) para producir la vacuna sputnik v contra el coronavirus en el país. también participará el laboratorio indio hetero, encargado de transferir la tecnología para desarrollar la vacuna."
dataset2,noticias-en-lengua-de-senas-argentina-resumen-semanal-07032021_116,48,-11.5,40.5,"otra vacuna contra el coronavirus que se fabrica en la argentina es la de oxford-astrazeneca, cuyo principio activo produce la empresa mabxience en su planta de la localidad bonaerense de garín, y luego se envía a méxico donde se completa y envasa para su distribución en américa latina."
dataset2,noticias-en-lengua-de-senas-argentina-resumen-semanal-07032021_122,122,-11.5,40.5,"luego del escándalo que sacudió al gobierno nacional por los privilegios de algunos para acceder a las vacunas, el consejo argentino para la inclusión de las personas con discapacidad (caidis) solicitó que quienes integran ese colectivo, sean consideradas como prioridad en la campaña de vacunación contra el coronavirus. en argentina hay 5 millones de personas con discapacidad, todas con características distintas: visual, auditiva, motora, intelectual. según informó la agencia nacional de discapacidad (andis), la tasa de letalidad entre el colectivo de personas con discapacidad es del 7%, aproximadamente tres veces superior que el registrado en la población general. la resolución 627/2020 del ministerio de salud especifica quiénes son consideradas personas de riesgo, y en ella se encuentran las personas con certificado único de discapacidad (cud)."
dataset2,noticias-en-lengua-de-senas-argentina-resumen-semanal-07032021_145,48,-11.5,40.5,"y en 1910 se desarrolló la segunda conferencia internacional de mujeres socialistas en copenhague donde se trató el sufragio universal para todas las mujeres y se proclamó oficialmente el 8 de marzo como el día internacional de la mujer trabajadora, en homenaje a las mujeres fallecidas en la huelga de 1908."
dataset2,noticias-en-lengua-de-senas-argentina-resumen-semanal-07032021_158,81,-11.5,40.5,"en el año 2019 en parís hubo un congreso mundial de personas sordas, en ese momento se encontraron mujeres sordas de distintos lugares, que tenían ganas de compartir información, el problema es que no teníamos un espacio propio para las mujeres sordas. entonces armamos un plan, nos encontramos en un shopping, nos reunimos para conversar y compartir novedades, de todas maneras no nos sentíamos libres porque en la parte superior del shopping se habían apostado los hombre que estaban mirando esta reunión."
dataset2,noticias-en-lengua-de-senas-argentina-resumen-semanal-07032021_165,46,-11.5,40.5,"no nos sentíamos libres. por eso nos imaginamos, reflexionamos de cómo armar un espacio para mujeres sordas, que nos pudiéramos reunir para conversar, de allí que se nos ocurrió crear y convocar a distintas personas  que quisieran trabajar en este movimiento, tener un equipo más grande."
dataset2,noticias-en-lengua-de-senas-argentina-resumen-semanal-07032021_169,48,-11.5,40.5,"la primer idea, el objetivo que tuvimos era hacer un campamento para poder intercambiar información,  solo para residentes de europa, preparamos el proyecto, solicitamos subsidios, y el covid interrumpió nuestro trabajo, el coronavirus no nos permitió avanzar por ello pensamos de qué manera podríamos continuar con la idea."
dataset2,noticias-en-lengua-de-senas-argentina-resumen-semanal-07032021_187,153,-11.5,40.5,"en ese momento, la idea no prosperó porque había otro grupo de mujeres que no estaba de acuerdo e insisten que la palabra a utilizar tenía que ser woman, que refería solo a las mujeres. sin embargo, a pesar de comprender esta idea de que se refiere solo a mujeres las creadoras del término womxn  insisten en que el término era más abarcativo, incluía a personas, no solo mujeres: personas que sufren, oprimidas, con limitaciones, todo tipo de personas, aquellas que sienten diferente. hay hombres, mujeres o personas que se sienten identificadas con las mujeres, depende de cada caso y cada persona tiene un valor propio, especial. personas diferentes que están de todas formas incluidas. la palabra womxn  incluye a cada una de esas personas. con el paso del tiempo y con un objetivo claro, que fuera diverso, donde todos pudieran brindar su aporte,  queríamos crecer para debatir, compartir y crear nuevos proyectos."
dataset2,noticias-en-lengua-de-senas-argentina-resumen-semanal-07032021_200,66,-11.5,40.5,"crecer cada vez más, que las mujeres sordas tuvieran su espacio, nosotras las mujeres sordas queríamos sentirnos libres  y crecer cada vez más en esta idea. no solo en una parte del planeta sino en todo el mundo. tenemos charlas, debates, reuniones de diferentes mujeres sordas. queremos y tenemos muchas ganas de avanzar  estamos muy contentas de seguir  y esperamos que ustedes también sigan adelante. ¡bravo!"
dataset2,noticias-en-lengua-de-senas-argentina-resumen-semanal-07032021_237,66,-11.5,40.5,"y va mejorando, pero es un trabajo que fuimos haciendo solos hasta que tuvimos un momento en el que nos emocionó mucho, que es que es la primera vez en la historia, este año se cumplen 30 años de aniversario de la asociación. durante 30 años, justo cuando yo asumo la presidencia, no se festejaba porque anteriormente estaba todo tan mal que no, no había forma de organizar."
dataset2,noticias-en-lengua-de-senas-argentina-resumen-semanal-07032021_243,46,-11.5,40.5,"siempre se organizaban estos aniversarios en salones o, bueno, buscábamos la forma de recaudar. trabajábamos en equipo, hacíamos las consultas necesarias y siempre con tiempo para poder organizar este evento. bueno, finalmente se organiza este evento, la gente compró la entrada y fue una fiesta hermosa."
dataset2,noticias-en-lengua-de-senas-argentina-resumen-semanal-07032021_251,69,-11.5,40.5,"siempre se hacían acá en un lugar que no es tan lindo, que está bastante arruinado, que es chico, que estaba en construcción, que no estaba en condiciones. bueno, sin embargo, de a poco fuimos haciendo ese trabajo. justo durante la cuarentena nos pasó que, dos meses después de que cerraran en mayo, de que se cerrara todo, se creó un programa de apoyo de emergencia a los clubes."
dataset2,noticias-en-lengua-de-senas-argentina-resumen-semanal-07032021_268,60,-11.5,40.5,"una emoción enorme haberlo recibido. con eso pudimos comprar luces, materiales eléctricos, chapas nuevas. distintos materiales para la asociación, está mucho mejor. y después una mujer, la secretaria de la municipalidad, también vino a visitar el lugar, nos pidió visitar la asociación. hicieron un informe de todo lo que veían en la asociación y cuáles eran las necesidades más importantes."
dataset2,noticias-en-lengua-de-senas-argentina-resumen-semanal-07032021_278,65,-11.5,40.5,"estuvimos organizándonos, preparando la asociación hasta que llegó un hombre, jefe del equipo de la municipalidad, que nos pide disculpas y nos dijo que mayra no iba a poder venir porque estaba ocupada con otro evento muy importante, y por eso venía él en su nombre. llegó a la asociación, estuvo mirando, y realmente se sintió mal por haber visto el estado de la asociación."
dataset2,noticias-en-lengua-de-senas-argentina-resumen-semanal-07032021_288,45,-11.5,40.5,"la asociación trabaja con la municipalidad, muy bien trabaja porque realmente antes no teníamos contacto y trabajábamos solos, era un esfuerzo solos. de a poquito fuimos evolucionando y va mejorando. estos arreglos que están haciendo, ¿lo hace la municipalidad? no, lo tenemos que hacer nosotros."
dataset2,noticias-en-lengua-de-senas-argentina-resumen-semanal-07032021_313,58,-11.5,40.5,"otras personas trabajan de tarde y mañana. hay otras personas que trabajan tarde y noche y, bueno, esas personas por ejemplo vienen a la mañana y yo, como termino de trabajar, vengo para acá entonces nos cruzamos, nos vamos cubriendo los turnos. sábados, domingos y feriados que no trabajamos en otros lados igual estamos acá en la asociación."
dataset2,noticias-en-lengua-de-senas-argentina-resumen-semanal-07032021_324,60,-11.5,40.5,"justo te iba a contar eso, la municipalidad de quilmes, además, se interesó mucho en la lengua de señas y nos pido que realicemos un proyecto de un curso básico de lengua de señas para poder informar a los empleados oyentes que tienen que saber lengua de señas para mejorar la accesibilidad de las personas sordas, por ejemplo para trámites."
dataset2,noticias-en-lengua-de-senas-argentina-resumen-semanal-07032021_343,46,-11.5,40.5,"pueden copiar este ejemplo de evolución, pueden conseguir donaciones y tantas otras cosas, subsidios. me gustaría dejarles a todos como mensaje, a los argentinos, que se puede trabajar, que tienen que ir a la municipalidad y conversar para poder conseguir distintas cosas y para estar mejor."
dataset2,noticias-en-lengua-de-senas-argentina-resumen-semanal-07032021_351,52,-11.5,40.5,"luego del reclamo gestionado por ""cn sordos"", ahora en los centros de testeo de la ciudad de buenos aires vas a encontrar un afiche con comunicación inclusiva de acceso a través de un qr en el que podés descargar un video en lsa y subtitulado con las instrucciones y procedimientos del testeo."
dataset2,noticias-en-lengua-de-senas-argentina-resumen-semanal-07032021_376,51,-11.5,40.5,"hola a todos, mi nombre es santiago, yo vivo santa fe y soy voluntario de ""juegos especiales"". hola, yo me llamo cynthia y soy voluntaria de ""juegos especiales"". bueno, les queríamos contar qué es ""juegos especiales"". ""juegos especiales"" son momentos de recreación en el exterior, lugares de juego al aire libre."
dataset2,noticias-en-lengua-de-senas-argentina-resumen-semanal-21032021_122,43,-11.5,40.5,"tras haber legalizado el autocultivo de cannabis para uso medicinal y el expendio de sus aceites en farmacias, el gobierno creó un registro en el cual deberán anotarse las personas que posean este tipo de plantas en sus domicilios para los fines autorizados."
dataset2,noticias-en-lengua-de-senas-argentina-resumen-semanal-21032021_136,43,-11.5,40.5,la inscripción se podrá hacer a través de la página oficial del reprocann y todos los datos que se ingresen allí tendrán “carácter de declaración jurada por lo que su falsedad o inexactitud podrá dar lugar a la revocación de la autorización otorgada”.
dataset2,noticias-en-lengua-de-senas-argentina-resumen-semanal-21032021_159,47,-11.5,40.5,"aquí es donde anne sullivan, su ""tutora"", aparece y comienza a jugar un rol importante en su vida. anne era una niña ciega que recuperó su vista y la persona que logró comunicarse con helen de forma tal que logró disminuir su nivel de frustración y agresividad."
dataset2,noticias-en-lengua-de-senas-argentina-resumen-semanal-21032021_191,52,-11.5,40.5,"a continuación, el 10 de mayo será el último día para efectuar la convocatoria a las elecciones primarias abiertas, simultáneas y obligatorias, y el 9 de junio, dos meses antes de la primera jornada electoral, se pondrá fin al plazo para solicitar el reconocimiento de alianzas transitorias y confederaciones para participar en los comicios."
dataset2,noticias-en-lengua-de-senas-argentina-resumen-semanal-21032021_218,84,-11.5,40.5,"según se estableció por decreto, “en atención a las condiciones epidemiológicas y a la evaluación de riesgo y de expansión de covid-19, y partidos de la jurisdicción a su cargo, las autoridades provinciales epidemiológicas y a la evaluación de riesgo y de expansión de covid-19, en los distintos aglomerados, departamentos y de la ciudad autónoma de buenos aires podrán dictar normas para limitar la circulación por horarios o por zonas, con el fin de evitar situaciones que puedan favorecer la propagación del virus sars-cov-2″."
dataset2,noticias-en-lengua-de-senas-argentina-resumen-semanal-21032021_228,60,-11.5,40.5,"en este mismo sentido, se explicó que las autoridades “podrán disponer el aislamiento de las personas que ingresen a las jurisdicciones a su cargo provenientes de otras provincias argentinas o de la ciudad, cuando las mismas revistan la condición de ‘caso sospechoso’, de ‘caso confirmado’ o cuando presenten síntomas de covid-19 o sean contacto estrecho de quienes padecen la enfermedad”."
dataset2,lsa-noticias-en-lengua-de-senas-argentina-resumen-semanal-29082021_23,55,-11.5,40.5,"luego de casi dos décadas de guerra interna, en 2020 el gobierno afgano y los talibanes comenzaron un acuerdo histórico para alcanzar la paz y un régimen constitucional que pueda combinar ambas visiones, sin embargo con la retirada de las tropas norteamericanas en los últimos meses los talibanes comenzaron a avanzar nuevamente y tomar distintas ciudades."
dataset2,lsa-noticias-en-lengua-de-senas-argentina-resumen-semanal-29082021_60,41,-11.5,40.5,esta polémica se suma a la ya instalada en días anteriores como resultado de las visitas que varias personas y celebridades realizaron a la quinta presidencial sin tener motivos claros de la necesidad de romper la cuarentena para realizar dichas reuniones.
dataset2,lsa-noticias-en-lengua-de-senas-argentina-resumen-semanal-29082021_94,51,-11.5,40.5,"con esta capacitación se busca brindar herramientas comunicativas a los agentes que se desempeñan en las áreas de atención a la ciudadanía, con el fin favorecer el uso de la lengua de señas en los procedimientos administrativos y así mejorar el acceso a la información y comunicación de las personas sordas."
dataset2,lsa-noticias-en-lengua-de-senas-argentina-resumen-semanal-29082021_122,67,-11.5,40.5,la normativa establece que con el fin de satisfacer la demanda de comunicación en las diversas tramitaciones oficiales de la provincia se deberá diseñar un proyecto de capacitación en lengua de señas argentina para el personal en contacto con la ciudadanía como así también una guía de trámites provinciales en lsa para ser insertada en la web de cada organismo público de la provincia de buenos aires.
dataset2,noticias-en-lengua-de-senas-argentina-resumen-semanal-03012021_7,57,-11.5,40.5,"vamos a ver los resúmenes de las noticias más importantes de la semana, presentado en lengua de señas, en tu idioma, en mi idioma, el idioma de las personas sordas y nos vamos a encontrar todos los domingos a las siete de la tarde con distintos temas del mundo, de la argentina, y de la comunidad sorda."
dataset2,noticias-en-lengua-de-senas-argentina-resumen-semanal-03012021_50,44,-11.5,40.5,"en primer lugar, se consagra el derecho de las mujeres y de las personas con otras identidades de género a decidir la interrupción del embarazo, requerir y acceder a la atención del aborto y recibir atención postaborto en los servicios del sistema de salud."
dataset2,noticias-en-lengua-de-senas-argentina-resumen-semanal-03012021_111,43,-11.5,40.5,"en el marco del lanzamiento de la cuenta regresiva de las sordolimpíadas brasil 2021, la confederación argentina deportiva de sordos (cades) anunció días atrás la conformación del comité organizador, que tendrá un rol preponderante en la organización del viaje de los atletas sordos argentinos."
dataset2,noticias-en-lengua-de-senas-argentina-resumen-semanal-03012021_142,41,-11.5,40.5,"es un trabajo duro, es una situación difícil en el país y, bueno, suceden varias cosas, pero ya empezaron a trabajar y de acá en adelante también me imagino que tendrán una planificación armada para lo que viene en distintas actividades."
dataset2,noticias-en-lengua-de-senas-argentina-resumen-semanal-03012021_173,51,-11.5,40.5,"bueno, sabemos de la situación económica del país, además, situación de pandemia por el coronavirus pero pensamos en positivo y creemos que a vamos a avanzar bien, lo que buscamos son espónsors, empresas grandes, donaciones, para que los chicos puedan viajar con el mismo equipo. que todos tengan la misma bandera."
dataset2,noticias-en-lengua-de-senas-argentina-resumen-semanal-10012021_22,52,-11.5,40.5,"las reacciones adversas reportadas en la primera semana tras la aplicación de la vacuna rusa sputnik v contra el coronavirus ""fueron leves y moderadas, no requirieron hospitalización y segun el ministerio de salud, están dentro de los parámetros normales de cualquier vacuna"", argentina comenzó hace pocos días con la campaña de inmunización."
dataset2,noticias-en-lengua-de-senas-argentina-resumen-semanal-10012021_39,41,-11.5,40.5,"las autoridades señalaron que este tipo de eventos se pueden informar tanto en línea o simultáneo o dentro de las 24 o 48 horas, siempre y cuando sea leve. en caso de que sean graves, los pacientes tienen que notificarlo lo antes posible."
dataset2,noticias-en-lengua-de-senas-argentina-resumen-semanal-10012021_103,53,-11.5,40.5,"en marzo del año pasado, el aislamiento social, preventivo y obligatorio por la pandemia del coronavirus los separó hasta el pasado jueves cuando cristian, su esposa y sus hijos se subieron al auto y viajaron casi 200 km desde balcarce hasta la ciudad de pinamar para darle una grata sorpresa a silvina, su mamá."
dataset2,noticias-en-lengua-de-senas-argentina-resumen-semanal-10012021_182,43,-11.5,40.5,"en su nueva versión, es un código de respuesta rápida (qr) que se puede llevar directamente en el celular, a través de una app o se imprime y se coloca en el parabrisas delantero del vehículo que traslada a la persona con discapacidad."
dataset2,noticias-en-lengua-de-senas-argentina-resumen-semanal-27122020_101,43,-11.5,40.5,"ellos son gladys guanca y hugo farfán, los dos nacieron y crecieron en salta ellos participaron del ballet folclórico integrado por personas sordas y oyentes llamado ""sueños sin fronteras"" y desarrollaron distintos estilos danzas como el chamamé, que mencionábamos, tango, malambo entre otros."
dataset2,noticias-en-lengua-de-senas-argentina-resumen-semanal-27122020_130,43,-11.5,40.5,"nacimos acá en argentina, y aprender nuestras danzas, de las distintas provincias, incluido el chamamé, el tango de buenos aires, distintos tipos de danzas, como en el sur que se baila malambo, al norte también, los bailecitos típicos de la región del norte."
dataset2,noticias-en-lengua-de-senas-argentina-resumen-semanal-27122020_135,47,-11.5,40.5,"fuimos aprendiendo en este ballet distintas disciplinas, distintas canciones y cuando vimos que se reconoció al chamamé como patrimonio cultural de la humanidad, nos dimos cuenta del valor y de la identidad que tiene para argentina y que el mundo lo vea en ese lugar de importancia."
dataset2,noticias-en-lengua-de-senas-argentina-resumen-semanal-27122020_167,70,-11.5,40.5,"era un festival en una escuela, contaba la historia de sufrimiento de la comunidad sorda y a la obra se sumaba un grupo de baile, en el cual estaba yo que no era solo cultura folklórica sino también había hip hop, distintos tipos de canciones en lengua de señas, bailes y coreografías con personas sordas de acá de salta que sabían bailar muy bien y que nos enseñaban a bailar."
dataset2,noticias-en-lengua-de-senas-argentina-resumen-semanal-27122020_190,73,-11.5,40.5,"sí, cuando se creó el grupo, y empezamos a ser conocidos, nos llamaban para algunos eventos y presencias dentro de la comunidad sorda, incluso hemos viajado a mendoza para el aniversario de la asociación de sordos de mendoza, viajamos, hicimos una presentación, pero ahora que el grupo se disolvió, cuando en casa hay música intento recordar los pasos para que mis hijas me vean y poder darles esta herencia también, transmitirlo de generación."
dataset2,noticias-en-lengua-de-senas-argentina-resumen-semanal-27122020_216,43,-11.5,40.5,"la ley nacional de inclusión del folklore, con la ley 27535, falta que esa ley la ratifique salta, pero bueno, es un motivo más para poder generar espacios de folklore en las escuelas de chicos sordos y seguir trabajando para poder generar estas redes."
dataset2,noticias-en-lengua-de-senas-argentina-resumen-semanal-27122020_230,42,-11.5,40.5,"a mí me gustaría decirles respecto del folklore para toda la argentina, no solamente del chamamé sino de todas las danzas folklóricas, que es muy importante no solo aprender el baile, sino los instrumentos, saber tocar distintos instrumentos, también conocer las canciones."
dataset2,noticias-en-lengua-de-senas-argentina-resumen-semanal-27122020_301,57,-11.5,40.5,"son fechas difíciles en ese sentido porque los familiares o ser querido se fue de viaje o falleció, y si la persona no está, uno empieza a extrañar, se siente triste o no sabe con quién pasar este año, o está con personas que no confían, todo esto hace que aparezca la tristeza, el estrés, la depresión."
dataset2,noticias-en-lengua-de-senas-argentina-resumen-semanal-27122020_309,78,-11.5,40.5,"en estas fechas es muy común que la gente tenga mayores gastos por la compra de regalos, porque no les alcanza para comer, o distintos gastos que hacen que fin de año se vuelva un momento convulsionado porque tengo que terminar de trabajar o terminar las entregas escolares, o porque no terminé cosas que tenía que resolver a fin de año, y esas son cosas que dejé pendientes y tengo que poder resolverlas, y todo esto nos estresa."
dataset2,noticias-en-lengua-de-senas-argentina-resumen-semanal-27122020_350,44,-11.5,40.5,"por ejemplo, si no sabemos qué significa o qué es el estrés, no podemos darnos cuenta que estamos viviendo una situación de estrés ni tampoco solucionarla. es imposible vernos a nosotros mismos y descubrirlo, porque estamos tan tapados de distintos temas que es difícil."
dataset2,noticias-en-lengua-de-senas-argentina-resumen-semanal-27122020_358,51,-11.5,40.5,"por ejemplo, nosotros estamos conversando y es una situación estrés porque estamos reflexionando, y las preguntas tienen que ser correctas, mis respuestas tienen que ser correctas. pasamos una situación de estrés, pero es un estrés bueno, es positivo, porque nos hace estar en movimiento, nos impulsa a reflexionar y a avanzar."
dataset2,noticias-en-lengua-de-senas-argentina-resumen-semanal-27122020_364,45,-11.5,40.5,"por ejemplo, si yo estoy pensando que la otra persona me está diciendo algo, algo que no es bueno, que no me gusta o algo con lo que no estoy de acuerdo, algún insulto o demás, ahí me puedo sentir estresado, porque me siento amenazado."
dataset2,noticias-en-lengua-de-senas-argentina-resumen-semanal-27122020_368,55,-11.5,40.5,"""esto va en contra de mis pensamientos, siento que estoy amenazado"", entonces, es una respuesta automática basada en nuestra experiencia, sumado a todos los sentimientos que tenemos, toda esa carga que viene hasta el día de hoy, y que por ahí, al no verme, la expreso de esa manera, a través del estrés. es cierto."
dataset2,noticias-en-lengua-de-senas-argentina-resumen-semanal-27122020_435,44,-11.5,40.5,"en relación a la adaptación, podemos decir que en realidad si soy flexible, si no me siento atacado, si puedo comprender, o si estoy en un trabajo que me gusta o que no me gusta, pero busco una forma de solucionarlo para que mejore."
dataset2,noticias-en-lengua-de-senas-argentina-resumen-semanal-27122020_441,49,-11.5,40.5,"por otro lado, la resistencia que tiene que ver con otra forma de pensarlo, de cambiar o pensar que una persona es una hija de puta, en el momento en que una persona me dice algo y yo pienso distinto, se genera una resistencia, me siento a la defensiva."
dataset2,noticias-en-lengua-de-senas-argentina-resumen-semanal-27122020_445,45,-11.5,40.5,"por ejemplo, si estoy en el trabajo que no me gusta y pienso que no me importa, que no me gusta, y que voy a seguir así, va a llegar un momento que voy a sentir agotamiento de resistirme, no voy a tener más energía."
dataset2,noticias-en-lengua-de-senas-argentina-resumen-semanal-27122020_483,57,-11.5,40.5,"todo esto que estamos contando y que vamos descubriendo se da de a poquito, paso a paso, gracias a observarme con amor, no es que me tengo que mirar y decir: ""qué situación, qué cagada"", sino mirarme para poder cambiar, para poder mejorar, de a poco, de alguna manera, por ejemplo, con la información sobre el estrés."
dataset2,noticias-en-lengua-de-senas-argentina-resumen-semanal-09052021_28,55,-11.5,40.5,"""covishield es la vacuna de astrazeneca fabricada en una empresa de india, pero es la misma vacuna de astrazeneca, de tal manera que por más que india no exporte más vacunas, nosotros vamos a continuar la campaña con las dosis de astrazeneca a medida que el gobierno nacional las reciba, a partir del 21 de mayo""."
dataset2,noticias-en-lengua-de-senas-argentina-resumen-semanal-09052021_135,47,-11.5,40.5,"además, miguel ángel, es uno de los mayores defensores de la poesía en lengua de signos, señas, en españa, quien considera que la poesía señada presenta rasgos diferenciadores respecto a la poesía oral como ha descrito en su artículo ""la poesía en lengua de signos, una introducción""."
dataset2,noticias-en-lengua-de-senas-argentina-resumen-semanal-09052021_145,45,-11.5,40.5,el pasado jueves 22 de abril la cas realizó la segunda mesa de trabajo para debatir respecto al proyecto de ley que se presentará en el congreso de la nación para el reconocimiento de la lsa como patrimonio cultural y lingüístico de la comunidad sorda argentina.
dataset2,noticias-en-lengua-de-senas-argentina-resumen-semanal-09052021_163,42,-11.5,40.5,"sí, así es. soy profesora dentro de una escuela especial de sordos e hipoacúsicos y voy a comenzar a trabajar en el consejo provincial para personas con discapacidad junto a soledad, quien vive en córdoba, y es mi jefa. trabajamos en conjunto."
dataset2,noticias-en-lengua-de-senas-argentina-resumen-semanal-09052021_260,42,-11.5,40.5,"tenemos que contarles una muy buena noticia, el canal de televisión chaco tv en el noticiero “toda la info” que se transmite de lunes a viernes, de 19:00 a 22:00, contará con intérpretes de lengua de señas argentina, una iniciativa muy positiva e inclusiva."
dataset2,noticias-en-lengua-de-senas-argentina-resumen-semanal-09052021_273,43,-11.5,40.5,"julián ceballos, director de medios públicos de la provincia, dijo, “es un hito concretar esta iniciativa y ser pioneros es nuestra responsabilidad como canal estatal, queremos dar el ejemplo para que otros canales de la provincia puedan incorporar este derecho a su pantalla”."
dataset2,noticias-en-lengua-de-senas-argentina-resumen-semanal-28032021_77,57,-11.5,40.5,"bueno, mi nombre es agustín, soy el delegado de la actividad senior en el club y, la verdad, que para nosotros fue una actividad, un partido muy, muy lindo, una experiencia única que nunca habíamos vivido. en conclusión el partido para mí fue muy parejo, no se notó ningún tipo de diferencia, más allá de la edad."
dataset2,noticias-en-lengua-de-senas-argentina-resumen-semanal-28032021_101,43,-11.5,40.5,"bueno, mi nombre es nicolás avalo, también es mi primera experiencia con jugadores sordos. la verdad es que fue muy lindo, muy interesante ver cómo se manejaba el técnico con las indicaciones y con los cambios, cómo le hacían caso, estaban siempre atentos."
dataset2,noticias-en-lengua-de-senas-argentina-resumen-semanal-28032021_110,44,-11.5,40.5,la verdad estamos muy contentos. es la primera vez que aso se enfrenta a chacarita. fue un partido que no pensamos sería fácil pero estamos orgullosos de haber llegado hasta acá y haber tenido la posibilidad de competir contra un equipo de personas oyentes.
dataset2,noticias-en-lengua-de-senas-argentina-resumen-semanal-17012021_113,44,-11.5,40.5,"después que encontramos esa idea no se la contamos a nadie, la mantenemos en secreto, reflexionamos, y luego se la contamos a pocas personas, a las que son de confianza, les decimos: “¿sabés que tengo una idea?"", y se asombran, no lo pueden creer."
dataset2,noticias-en-lengua-de-senas-argentina-resumen-semanal-17012021_199,44,-11.5,40.5,"también quiero contarte que para febrero estoy pensando un proyecto de escuela para emprendedores sordos, para abordar temas que todos necesitan, como contabilidad, uso del excel, fotografía, edición de videos, oratoria para charlas, también sobre redes sociales… estoy pensando en eso. hacer una escuela."
dataset2,noticias-en-lengua-de-senas-argentina-resumen-semanal-7022021_92,49,-11.5,40.5,"por eso, desde la sociedad argentina de hipertensión arterial (saha), cada año se realiza la campaña ""conoce y controla"", que durante la pandemia adquirió un formato especial, pero que vuelve a arrojar un dato preocupante: más de la mitad de los encuestados con valores elevados no están bien controlados."
dataset2,noticias-en-lengua-de-senas-argentina-resumen-semanal-7022021_100,42,-11.5,40.5,"de todos ellos, el 45,6% estaba tratado y controlado; uno de cada tres (37,2%), pese a estar bajo tratamiento, no tenía controlada su hipertensión arterial; el 5,1%, aunque se conocía hipertenso, no estaba bajo tratamiento; y el 12,1% desconocía el diagnóstico y, obviamente, no estaba tratado."
dataset2,noticias-en-lengua-de-senas-argentina-resumen-semanal-7022021_174,45,-11.5,40.5,"medio centenar de personas se juntaron el pasado viernes 29 de enero a las 18:00 frente a los tribunales de rosario para reclamar justicia por la muerte de mauricio zárate, un miembro de nuestra comunidad, que fue encontrado muerto el pasado 25 de octubre en circunstancias poco claras."
dataset2,noticias-en-lengua-de-senas-argentina-resumen-semanal-7022021_233,49,-11.5,40.5,"en san martín existe la asociación civil de personas sordas de gral. san martín, esta es su seña. dos personas de la comisión directiva, su presidente, este es su nombre, eduardo mirhal, y la secretaria, victoria di tomaso, esta es su seña, nos brindaron unas palabras. veamos el video."
dataset2,noticias-en-lengua-de-senas-argentina-resumen-semanal-7022021_243,43,-11.5,40.5,"en la comisión directiva de asorsam estamos muy contentos y orgullosos porque se logró que se aprobara la ordenanza en el consejo municipal de san martín, que reconoce el derecho de las personas sordas y su patrimonio cultural y lingüístico de la comunidad."
dataset2,lsa-noticias-en-lengua-de-senas-argentina-resumen-semanal-26092021_18,43,-11.5,40.5,"para acceder es necesario tener conocimientos previos mínimos como el uso de correo electrónico, navegación web, manejo de teclado y bases en funciones matemáticas básicas; contar con acceso a internet y a una computadora; residir en la argentina y ser mayor de 17 años."
dataset2,lsa-noticias-en-lengua-de-senas-argentina-resumen-semanal-26092021_27,43,-11.5,40.5,"quienes aprueben el examen final del primer curso, que consta de tres módulos, recibirán un certificado de conocimientos básicos en programación avalado por el ministerio de desarrollo productivo de la nación y la cámara argentina de empresas de software y servicios informáticos, ""cessi""."
dataset2,lsa-noticias-en-lengua-de-senas-argentina-resumen-semanal-26092021_31,50,-11.5,40.5,"las personas que obtengan el certificado de la primera etapa y continúen formándose en la segunda parte del curso, y que estén desempleadas, podrán acceder a una tarjeta del banco nación con $100.000 pesos de subsidio para adquirir computadoras y, además, tarjetas para conexión gratuita a internet que otorgará el enacom."
dataset2,lsa-noticias-en-lengua-de-senas-argentina-resumen-semanal-26092021_58,42,-11.5,40.5,"el “chori”, compitió con otros sándwiches muy famosos como lo son el smoked meat de canadá, el croque monsieur de francia, y el avocado toast entre otros reconocidos platos sandwicheros que se comen a lo largo y a lo ancho del planeta."
dataset2,noticias-en-lengua-de-senas-argentina-resumen-semanal-16052021_61,46,-11.5,40.5,"por ahora se desconoce cuándo podrían llegar los primeros lotes de esta vacuna a la argentina, aunque la ministra de salud, carla vizzotiti, ya aclaró que ""la sputnik light es el componente 1 de la sputnik v, es como no dar o diferir más la segunda dosis”."
dataset2,noticias-en-lengua-de-senas-argentina-resumen-semanal-16052021_107,47,-11.5,40.5,"así, la sala félix leonardo pereyra del museo se volvió un pequeño santuario que busca sumergir a los visitantes en la historia fundacional del club atlético terry, en la vida social del pueblo de tilcara durante la primera mitad del siglo xx y en el sentimiento “blanquinegro”."
dataset2,noticias-en-lengua-de-senas-argentina-resumen-semanal-16052021_178,56,-11.5,40.5,"esa versión personal la subí a las redes sociales, antes solo existía facebook, hoy contamos con más aplicaciones y a raíz de la difusión del video la cas notó que comenzaron a crearse diferentes versiones hechas por personas sordas, no por oyentes con un “español señado”, sino qué variadas formas de interpretarlo dentro de la comunidad."
dataset2,lsa-noticias-en-lengua-de-senas-argentina-resumen-semanal-13062021_338,44,-11.5,40.5,"su padre pidió entonces ayuda y se puso en contacto con el piloto de pruebas de la fórmula 1, el español marc gené, quien encontró la solución en la firma de cascos bell, quienes le hicieran un casco a medida para conducir con los implantes."
dataset2,noticias-en-lengua-de-senas-argentina-lsa-resumen-semanal-7112021_27,49,-11.5,40.5,"en relación a la seguridad indicó que ""no hubo casos de miocarditis o pericarditis, inflamación del corazón o alrededor del corazón, pero no hay suficientes voluntarios en el estudio para poder detectar efectos secundarios muy raros, y se cree que los adolescentes varones son un grupo de mayor riesgo""."
dataset2,noticias-en-lengua-de-senas-argentina-lsa-resumen-semanal-7112021_35,45,-11.5,40.5,"""cn sordos"" llegó a la provincia de jujuy, más precisamente a la ciudad de tilcara, en la quebrada de humahuaca, con el objetivo de traerles algo de los valores de la cultura sorda a través de un poco de la historia de josé antonio terry."
dataset2,noticias-en-lengua-de-senas-argentina-lsa-resumen-semanal-7112021_48,43,-11.5,40.5,"en los últimos días se viralizó un video donde se lo puede ver al doctor fernando cichero, director del hospital rocca, donde funciona una escuela de niños sordos y sordociegos, realizando declaraciones erróneas y sin conocimiento sobre las personas sordas y su cultura."
dataset2,noticias-en-lengua-de-senas-argentina-lsa-resumen-semanal-7112021_52,45,-11.5,40.5,"la falta de información por parte de los profesionales médicos, sobre todo cuando estos cumplen roles de funcionarios y docentes en lugares estratégicos para la comunidad, asociada a comunicadores poco ilustrados, es absolutamente perjudicial no solo para las personas sordas sino para la sociedad toda."
dataset2,noticias-en-lengua-de-senas-argentina-lsa-resumen-semanal-7112021_59,41,-11.5,40.5,la lengua de señas es una lengua rica y completa que puede expresar la percepción del mundo que tienen no solo las personas sordas sino también las personas oyentes que entienden el mundo con una mirada universal y de respeto mutuo.
dataset2,noticias-en-lengua-de-senas-argentina-lsa-resumen-semanal-7112021_64,71,-11.5,40.5,"si no se ofrece a la personas sorda la posibilidad de aprender la lengua de señas que es visual y para la que la persona sorda está preparada para adquirir, luego de pasado los años la adquisición, ese aprendizaje no es del 100% y que como con cualquier persona oyente se va perdiendo esa capacidad y se generan las diferencias que vemos en la actualidad con muchas personas sordas. ¿y por qué?"
dataset2,noticias-en-lengua-de-senas-argentina-lsa-resumen-semanal-7112021_73,63,-11.5,40.5,"lorena carracedo, supervisora escolar educación especial, expresó en un comunicado oficial su total desacuerdo con los conceptos expresados por cichero y aseguró que sus dichos ""refleja una visión médico-terapéutica basada en el déficit, totalmente alejada de los paradigmas y normativas actuales"" desde ""cn sordos"" queremos expresar el repudio total a los dichos en este material por parte de quienes deberían informar y formar."
dataset2,noticias-en-lengua-de-senas-argentina-lsa-resumen-semanal-7112021_107,59,-11.5,40.5,"islandia es una isla ubicada en el atlantico norte con 370.000 habitantes, un país pionero en la lucha feminista y el primero en elegir democraticamente a una mujer como jefa de estado en 1980; clasificado como el estado con mayor equidad de género en el mundo por el foro económico mundial, cuenta con una ley innovadora de equidad salarial sancionada en 2018."
dataset2,noticias-en-lengua-de-senas-argentina-lsa-resumen-semanal-7112021_114,48,-11.5,40.5,"sin embargo, el partido de la primera ministra, la ecologista katrín jakobsdóttir, se encuentra en una posición débil con tan solo ocho diputados entre las bancas y la creciente fuerza de sus aliados de la derecha que pueden buscar alianzas alternativas a las que tiene con la izquierda-verde."
dataset2,lsa-noticias-en-lengua-de-senas-argentina-resumen-semanal-23052021_44,43,-11.5,40.5,"el sueño es importante para la salud en general ya que mejora la memoria, aumenta la habilidad en el aprendizaje, ayuda a equilibrar el peso, colabora con la producción de hormonas, protege el corazón y contribuye a tener un sistema inmune más fuerte."
dataset2,lsa-noticias-en-lengua-de-senas-argentina-resumen-semanal-23052021_103,46,-11.5,40.5,"hija adolescente es oyente, padres y hermano sordos, ella ama la música profundamente, su profesor de música se da cuenta, la anima para que se vaya a una escuela de música que es lejos de su casa, ella debe decidir quedarse con familia o su sueño."
dataset2,lsa-noticias-en-lengua-de-senas-argentina-resumen-semanal-23052021_107,46,-11.5,40.5,"por otra parte, hay una película que se llama ""un lugar en silencio"", la historia sigue a una familia donde una nena es sorda y sus padres y hermano son oyentes, teniendo que sobrevivir en silencio mientras se esconden de monstruos que cazan por el sonido."
dataset2,lsa-noticias-en-lengua-de-senas-argentina-resumen-semanal-23052021_118,44,-11.5,40.5,el pasado jueves 6 de mayo cas realizó la tercera mesa de trabajo para debatir respecto al proyecto de ley que se presentará en el congreso de la nación para el reconocimiento de la lsa como patrimonio cultural y lingüístico de la comunidad sorda argentina.
dataset2,lsa-noticias-en-lengua-de-senas-argentina-resumen-semanal-23052021_203,45,-11.5,40.5,"como ariel brachetti y bruno remotti, dos amigos que desde hace 20 años comparten la misma pasión por las cervezas artesanales y son los creadores deafbeerba, un emprendimiento que difunde la cultura de la cerveza artesanal en argentina y el mundo en lsa y señas internacionales."
dataset2,lsa-noticias-en-lengua-de-senas-argentina-resumen-semanal-23052021_303,51,-11.5,40.5,"la campaña de vacunación de eeuu comienza a dar sus frutos, los casos de contagios se encuentran en su tasa más baja desde septiembre de 2020, las muertes están en su punto más bajo desde abril 2021 y la tasa de positividad está en el punto más bajo desde que comenzó la pandemia."
dataset2,lsa-noticias-en-lengua-de-senas-argentina-resumen-semanal-23052021_313,48,-11.5,40.5,"una reciente investigación sobre la exposición de las chicos y adolescentes al marketing digital de alimentos y bebidas en argentina, demostró que la mitad de los alimentos que se publicitan es alto en azúcares, y cuatro de cada diez son altos en grasas saturadas y/o grasas totales."
dataset2,lsa-noticias-en-lengua-de-senas-argentina-resumen-semanal-23052021_329,46,-11.5,40.5,"promover la incorporación de impuestos especiales para desalentar el consumo de alimentos no saludables desde ""cn sordos"" queremos recordarles que la prevención de la obesidad en la infancia es crucial porque es la etapa en donde se construyen los hábitos que continúan en la edad adulta."
dataset2,noticias-en-lsa-especial-aniversario-resumen-semanal-28112021_100,42,-11.5,40.5,"el producto para los chicos será muy similar al de sus padres, una cuenta en mercado pago, a la que se le carga dinero en efectivo a través de las recaudadores como rapipago, pagofácil o provincianet o se transfiere desde otra cuenta."
dataset2,lsa-noticias-en-lengua-de-senas-argentina-resumen-semanal-25072021_50,47,-11.5,40.5,"a medida que los países avanzan en la vacunación de sus poblaciones, y mientras la variante delta del coronavirus amenaza con poner en jaque la inmunidad conseguida, surgen nuevas dudas acerca de la protección otorgada por las vacunas autorizadas de emergencia en el marco de la pandemia."
dataset2,lsa-noticias-en-lengua-de-senas-argentina-resumen-semanal-25072021_94,51,-11.5,40.5,"una campaña en redes sociales bajo la consigna ""que no te tapen los ojos"" y con el hashtag #etiquetadoclaroya fue lanzada la semana pasada para exigir a los diputados la aprobación del proyecto de ley de etiquetado frontal, que está hace más de ocho meses sin tratarse en la cámara baja."
dataset2,lsa-noticias-en-lengua-de-senas-argentina-resumen-semanal-25072021_143,69,-11.5,40.5,"el pasado miércoles 14 de julio, se disputó la edición 32 del famoso juego de las estrellas del básquet argentino y por primera vez en la historia contó con la participación de dos jugadores de ""los topos"", la selección argentina masculina de sordos los dos jugadores de ""los topos"" convocados para el juego que se desarrolló en el polideportivo roberto pando del club san lorenzo, fueron carlos valdovinos y juan aude."
dataset2,lsa-noticias-en-lengua-de-senas-argentina-resumen-semanal-25072021_166,48,-11.5,40.5,"hace un año, sobrevivientes del próvolo, junto a integrantes de la asociación para la promoción y la protección de los derechos humanos, xumek, y la organización eca, ending clergy abuse, denunciaron ante naciones unidas los delitos cometidos por miembros de la iglesia católica contra niñas, niños y adolescentes."
dataset2,lsa-noticias-en-lengua-de-senas-argentina-resumen-semanal-25072021_171,65,-11.5,40.5,"algunos de los detalles que solicitaron desde las relatorías a la santa sede son, resultados de investigaciones recientes, tanto judiciales como de otro tipo, y los enjuiciamientos en relación con el abuso sexual de niños por parte de miembros de la iglesia católica, así como si se adoptó normativa que establezca la obligación de notificar a las autoridades civiles todos los casos sospechosos de abuso."
dataset2,lsa-noticias-en-lengua-de-senas-argentina-resumen-semanal-25072021_224,50,-11.5,40.5,"el domingo pasado, miles de personas salieron a la calle en varias ciudades, incluso en la capital, la habana, para protestar contra el régimen de miguel díaz-canel por primera vez en los últimos 28 años, en medio de una grave crisis social y económica profundizada por la pandemia por el coronavirus."
dataset2,lsa-noticias-en-lengua-de-senas-argentina-resumen-semanal-25072021_244,43,-11.5,40.5,"se trata de las primeras protestas populares desde el 5 de agosto de 1994, cuando cientos de cubanos salieron a las calles de la habana pidiendo ""libertad"" en medio de una dura situación económica y social que desembocó en la llamada ""crisis de los balseros""."
dataset2,noticias-en-lengua-de-senas-argentina-resumen-semanal-24012021_60,42,-11.5,40.5,"whatsapp, la aplicación de chat conocida mundialmente, anunció a sus más de 2 mil millones de suscriptores cambios en su política de privacidad, lo que provocó fuertes críticas ante lo que se interpretó como la vulneración de los datos personales de los usuarios."
dataset2,noticias-en-lengua-de-senas-argentina-resumen-semanal-24012021_127,44,-11.5,40.5,"por ejemplo, ahora con el tema del deterioro del medio ambiente, la contaminación, el calentamiento global, los autos, los edificios, los aviones, el cemento, la tala de árboles, los incendios, las fumigaciones, comida orgánica, el crecimiento de los supermercados, la producción de diferentes remedios..."
dataset2,noticias-en-lengua-de-senas-argentina-resumen-semanal-24012021_177,41,-11.5,40.5,"podemos concientizar, enseñar a los demás con paciencia, no es que solamente se copie nuestra acción sino saber de qué se trata, seguimos luchando para que haya educación ambiental, realmente no hay, ni en las escuelas, en los medios muy poco."
dataset2,noticias-en-lengua-de-senas-argentina-resumen-semanal-24012021_191,95,-11.5,40.5,"jóvenes estudiantes se dieron cuenta que la basura crecía cada vez más, entonces crearon lo de las 3 “r”. la primera por “reducir”, la segunda por “reciclar”, por ejemplo en el caso del cartón, lo corto y lo convierto en compost, y la tercera de “reutilizar”, por ejemplo una botella de plástico que se derrite se utiliza para otra cosa, o el vidrio que se desintegra y se vuelve a utilizar, o una lata de aluminio que se desintegra y se vuelve a utilizar, y así sucesivamente se va reutilizando. también, el cartón se puede reutilizar."
dataset2,noticias-en-lengua-de-senas-argentina-resumen-semanal-24012021_225,52,-11.5,40.5,"el compost se genera a partir de lo que cada uno consume en su casa, multiplicado por millones de casas, millones de toneladas de basura, que puede ser de cosas que nos olvidamos en la heladera, se pudren y lo tiramos, y ahí aparecen los animales que comen esto, como las ratas."
dataset2,noticias-en-lengua-de-senas-argentina-resumen-semanal-24012021_271,46,-11.5,40.5,"la organización mundial de la salud (oms) advirtió el impacto negativo que tiene la falta de ejercicio físico entre la población, agravada por el confinamiento durante la pandemia, y destacó que, si la gente no se mantiene activa, se corre el riesgo de ""crear otra pandemia""."
dataset2,noticias-en-lengua-de-senas-argentina-resumen-semanal-24012021_288,42,-11.5,40.5,"les quiero contar, ustedes saben que en el mundo hay personas enfermas por diferentes enfermedades, otras que están con estrés, con miedos, con preocupaciones, con mucho estrés, con mucha ira, y estos son algunos de los motivos por los que duermen mal."
dataset2,noticias-en-lengua-de-senas-argentina-resumen-semanal-24012021_350,44,-11.5,40.5,"a pesar de los numerosos reconocimientos y méritos que cosechó a lo largo de su vida, olaf falleció en tristes circunstancias: a partir de 1970, varios de sus hermanos murieron repentinamente, lo que le sumió en una profunda depresión que acabó también con su vida."
dataset2,lsa-noticias-en-lengua-de-senas-argentina-resumen-semanal-03102021_51,41,-11.5,40.5,"test de pcr al día 5 a 7 del arribo hasta que lo defina la autoridad sanitaria aquellas personas que no presenten esquema de vacunación completo, incluyendo los menores, deberán realizar cuarentena, test de antígeno al ingreso, y test de pcr al día 7."
dataset2,lsa-noticias-en-lengua-de-senas-argentina-resumen-semanal-03102021_113,56,-11.5,40.5,"además del enojo por las demoras, los jóvenes y sus familias denunciaron que se los está sometiendo a un constante maltrato, teniendo en cuenta que a muchos de los chicos que fueron abusados se los ha citado para declarar nuevamente y ampliar detalles de los perversos episodios que sufrieron mientras estudiaban y dormían en el instituto."
dataset2,lsa-noticias-en-lengua-de-senas-argentina-resumen-semanal-03102021_118,44,-11.5,40.5,"cabe recordar, que además de los curas horacio corbacho y nicola corradi, del ex monaguillo jorge bordón y del jardinero armando gómez, los cuatro ya fueron condenados como autores de los abusos a niños y niñas, hay dos monjas y otras siete mujeres imputadas."
dataset2,lsa-noticias-en-lengua-de-senas-argentina-resumen-semanal-21112021_42,41,-11.5,40.5,"por esto, argentina adoptará nuevas medidas de prevención y se fortalecerán la ya existente vigilancia y bioseguridad en las granjas porcinas, con el objetivo de disminuir el riesgo de ingreso, exposición y diseminación de la ppa en todo el territorio nacional."
dataset2,lsa-noticias-en-lengua-de-senas-argentina-resumen-semanal-21112021_51,50,-11.5,40.5,"índice de masa corporal, imc, es el cálculo que se utiliza para saber cuánto debe pesar una persona, es decir, el valor más recomendable desde el punto de vista de la salud, solo no alcanza, sino que es necesario, además, tener en cuenta la medida del perímetro de la cintura."
dataset2,lsa-noticias-en-lengua-de-senas-argentina-resumen-semanal-21112021_90,44,-11.5,40.5,"la astrología nos invita al autoconocimiento y a reflexionar sobre la forma en la que nos vinculamos con nuestro entorno, cómo desarrollamos nuestras cualidades, y cómo lidiar con nuestras partes más complejas, e intenta ayudar a comprender el porqué de algunas conductas que manifestamos."
dataset2,lsa-noticias-en-lengua-de-senas-argentina-resumen-semanal-21112021_109,58,-11.5,40.5,"es por esto que a los signos de fuego, aries, leo y sagitario, se los relaciona con lo pasional y lo competitivo, suelen conectar fácilmente con su deseo y por lo general son muy demostrativos tanto para dar cariño, como con su generosidad, y también así con su furia cuando las cosas no son como estos habían planeado."
dataset2,lsa-noticias-en-lengua-de-senas-argentina-resumen-semanal-21112021_120,58,-11.5,40.5,"por lo general se asocia a los signos de tierra, tauro, virgo y capricornio, con la estabilidad, suelen ser signos productivos, que se plantean metas u objetivos claros, no importa si estos son difíciles de alcanzar, la tierra suele tener más paciencia que otros elementos y eso permite muchas veces la facilidad de plantearse proyectos a largo plazo."
dataset2,noticias-en-lengua-de-senas-argentina-resumen-semanal-21022021_65,41,-11.5,40.5,"según el ministerio de trabajo, los empleadores deberán otorgar licencia a uno de los padres y precisa dos situaciones específicas para el goce de la licencia laboral: primero, los días en que no concurran a clases presenciales en sus respectivas escuelas."
dataset2,noticias-en-lengua-de-senas-argentina-resumen-semanal-21022021_125,48,-11.5,40.5,"no necesariamente llegan más tarde a las citas pero, por ejemplo, cuando un grupo de personas sordas espera a otro grupo también de personas sordas, es de esperar que no se encuentren a la hora acordada, porque ambos grupos se toman su tiempo en la comunicación de camino."
dataset2,noticias-en-lengua-de-senas-argentina-resumen-semanal-21022021_160,45,-11.5,40.5,"de estas dos asignaturas, organización y edición, surge la dssl aquí se integran estas dos temáticas donde los temas que se ven son diversos y muchos, por ejemplo, la identidad sorda, la lengua de señas, la diversidad cultural, cómo entender las personas sordas, oyentes, hipoacúsicas..."
dataset2,noticias-en-lengua-de-senas-argentina-resumen-semanal-21022021_164,45,-11.5,40.5,"también está la asignatura de deportes, el objetivo es que cuando se termina de estudiar, no quedarse en casa sin hacer nada, sino por ejemplo realizar alguna actividad como esquí o correr, o fútbol, hay muchas actividades para hacer, lo importante es la salud física."
dataset2,noticias-en-lengua-de-senas-argentina-resumen-semanal-20122020_107,45,-11.5,40.5,"cn sordos conversó con gustavo perazzolo, presidente interino del icsd, comité internacional de deportes para sordos, sobre la organización, los desafíos de un evento mundial de esta magnitud y de las expectativas de que sea la primera vez que se realiza en un país latinoamericano."
dataset2,noticias-en-lengua-de-senas-argentina-resumen-semanal-20122020_207,60,-11.5,40.5,"ya tenemos siete años de experiencia con las sordolimpiadas, sabemos cómo funciona, cómo es en europa, había que hacer una investigación en latinoamérica, y nos dimos cuenta de que realmente se podía hacer, que no era un problema, que en dos años no iba a haber presupuesto para construir una sede, pero caxias do sul ya tiene una infraestructura armada."
dataset2,noticias-en-lengua-de-senas-argentina-resumen-semanal-20122020_223,57,-11.5,40.5,"en cuanto a la apertura de la inscripción, la preparación de la villa olímpica, la designación de los hoteles en sus diferentes categorías, la recepción de personas que irán a ver las competencias de manera particular y que pagan sus entradas, el turismo, los extranjeros que asistirán, ¿ya está preparado el presupuesto de caxias para todo esto?"
dataset2,noticias-en-lengua-de-senas-argentina-resumen-semanal-20122020_283,66,-11.5,40.5,"el pasado jueves 3 de diciembre, en la semana del día internacional de las personas con discapacidad, la asociación tucumana de sordos y la asociación civil comunidad firmaron un convenio de cooperación técnica con la legislatura provincial, con el objetivo de fortalecer la integración social, mayor difusión de la lengua de señas y la accesibilidad a las noticias en los medios de comunicación. un evento muy importante."
dataset2,lsa-noticias-en-lengua-de-senas-argentina-resumen-semanal-4072021_23,46,-11.5,40.5,"mientras avanzan las campañas de vacunación en el mundo, la aparición de variantes del coronavirus y los casos de personas que se infectan a pesar de estar vacunadas, hacen pensar en que, tal como ocurre con la gripe, la vacuna contra el covid deba ser anual."
dataset2,lsa-noticias-en-lengua-de-senas-argentina-resumen-semanal-4072021_32,41,-11.5,40.5,"los expertos sostienen que: “el mundo científico cree que las variantes delta y delta plus no son las últimas mutaciones que van a producir preocupación, razón por la cual la vacunación de refuerzo en esquemas completos se impone como una necesidad”."
dataset2,lsa-noticias-en-lengua-de-senas-argentina-resumen-semanal-4072021_102,60,-11.5,40.5,"el fin de semana pasado, un nutrido grupo de socios del círculo de sordos de rosario le hizo frente al frío y se acercaron hasta el parque españa para reclamarle a los diputados y senadores nacionales el urgente tratamiento de una ley que reconozca a la lengua de señas argentina como patrimonio cultural y lingüístico de las comunidad sorda argentina."
dataset2,lsa-noticias-en-lengua-de-senas-argentina-resumen-semanal-4072021_113,45,-11.5,40.5,"mi nombre es gabriela, ésta es mi seña personal y soy la presidenta del círculo de sordos de rosario, nos encontramos ahora en el parque de españa, nos hemos congregado aquí, la comunidad sorda para hablar de la ley federal de lengua de señas argentina."
dataset2,lsa-noticias-en-lengua-de-senas-argentina-resumen-semanal-4072021_125,111,-11.5,40.5,"la lengua de señas es parte de nuestra cultura, es nuestra identidad, desde hace mucho tiempo la lengua de señas ha sido oprimida, no reconocida, en cambio ahora, hace poco, se empezó a hablar de una ley que reconoce a la lengua de señas como nuestro idioma, a partir del cual, una vez trabajada y aprobada, la lengua de señas va a estar presente en distintos ámbitos, como en un hospital, donde se va a poder hablar en lengua de señas, en los negocios, en la televisión con la presencia de intérpretes de lengua de señas argentina y de esta forma nosotros podremos acceder a la información, por eso es importante."
dataset2,lsa-noticias-en-lengua-de-senas-argentina-resumen-semanal-4072021_252,41,-11.5,40.5,"esta semana hablamos de un tema más lindo, el compost, los desechos de alimentos que no consumimos no se tiran, se van al compost porque las lombrices que van comiendo los restos orgánicos le dan una nueva vida generando este compost."
dataset2,noticias-en-lengua-de-senas-argentina-resumen-semanal-14022021_23,42,-11.5,40.5,"estas son alteraciones de la memoria, como pueden ser la memoria a corto plazo, o bien la memoria de trabajo, que es muy efímera, pero sirve para realizar una acción determinada, por ejemplo, acordarse de un número de teléfono antes de discarlo."
dataset2,noticias-en-lengua-de-senas-argentina-resumen-semanal-14022021_27,41,-11.5,40.5,"otros terrenos cognitivos que pueden sufrir alteraciones son la atención, el lenguaje, la orientación, y las funciones ejecutivas, es decir, todo lo que sea anticipación mental a un hecho, organización mental o qué pasos debo seguir para llegar a determinada meta."
dataset2,noticias-en-lengua-de-senas-argentina-resumen-semanal-14022021_80,41,-11.5,40.5,"ya en 2017, los especialistas advirtieron que, en la ciudad de buenos aires, nos encontrábamos ante un grave riesgo potencial que podía prevenirse con la ayuda de todos; y en 2020 nos enfrentamos al hecho de que el dengue ya era una epidemia."
dataset2,noticias-en-lengua-de-senas-argentina-resumen-semanal-14022021_84,59,-11.5,40.5,"un año después, y teniendo en cuenta la información de boletines epidemiológicos de la argentina y de países limítrofes –paraguay y brasil–, podemos afirmar que estamos en un período interepidémico, aseguró el doctor en ciencias biológicas y responsable del grupo de estudio del mosquito (gem) de la facultad de ciencias exactas y naturales de la universidad de buenos aires."
dataset2,noticias-en-lengua-de-senas-argentina-resumen-semanal-14022021_128,46,-11.5,40.5,"así, la junta ejecutiva de icsd ha concluido que las olimpiadas para sordos de verano de 2021 en brasil deben reprogramarse, pero no posterior al verano de 2022, para salvaguardar la salud de los atletas y todos los involucrados en las competiciones de sordos y la comunidad internacional."
dataset2,noticias-en-lengua-de-senas-argentina-resumen-semanal-14022021_201,53,-11.5,40.5,"en inicial y primaria, la dirección buscó la manera de organizar los grupos y se decidió, por ejemplo, de los diferentes grados, se seleccionó a algunos que asistirán por la mañana y el resto por la tarde, ambos 4 horas. no se puede hacer la jornada completa, el protocolo permite que asistan solo 4 horas."
dataset2,noticias-en-lengua-de-senas-argentina-resumen-semanal-14022021_239,49,-11.5,40.5,"no es que en el recreo habrá mucha circulación, sino que, aprovechando que el magnasco es muy grande, se dispondrán por grupos separados y por ejemplo, si a mi grado, 6xto, se le designa un lugar, este debe ser siempre el mismo para el recreo y para educación física."
dataset2,noticias-en-lengua-de-senas-argentina-resumen-semanal-14022021_262,42,-11.5,40.5,"entonces por ejemplo, en el baño, la cartelería está en español, que los chicos no saben leerlo, entonces se le agregan al costado de cada texto imágenes con dibujos o relacionados a la lsa, para que vean y comprendan lo que dice."
dataset2,noticias-en-lengua-de-senas-argentina-resumen-semanal-14022021_364,52,-11.5,40.5,"además queríamos comentarles que estamos muy contentos por nuestra compañera lucía fredes... el equipo de btt sordos y protráctil sc no solo logró su objetivo con su campaña, lo superaron ampliamente y gracias al acompañamiento y el apoyo de toda la comunidad pudieron adquirir dos bicicletas tándem, así que gracias y felicitaciones."
dataset2,lsa-noticias-en-lengua-de-senas-argentina-resumen-semanal-19092021_31,42,-11.5,40.5,"según el nuevo informe del observatorio de femicidios en argentina, ""adriana marisel zambrano"" que dirige la asociación civil la casa del encuentro, en ocho meses, 173 mujeres fueron asesinadas en el país, y en los últimos 60 días se registraron un total de 40 femicidios."
dataset2,lsa-noticias-en-lengua-de-senas-argentina-resumen-semanal-19092021_48,42,-11.5,40.5,"el detalle del informe sigue mostrando mes a mes que la vivienda de la víctima es el sitio más inseguro para las mujeres y que la principal causa de muerte se debe a disparos de arma de fuego, seguida por los golpes."
dataset2,lsa-noticias-en-lengua-de-senas-argentina-resumen-semanal-19092021_60,42,-11.5,40.5,los trabajos científicos publicados por especialistas sobre quiénes necesitarán una dosis de refuerzo de la vacuna contra el covid-19 señalan que las personas que han sido trasplantadas o que son inmunocomprometidas por alguna enfermedad deberían ser priorizadas para recibir la tercera dosis.
dataset2,lsa-noticias-en-lengua-de-senas-argentina-resumen-semanal-19092021_84,45,-11.5,40.5,"según la organización internacional para las migraciones (oim), en la ""ruta del mediterráneo central"", la que lleva de libia a italia, 392 personas se han ahogado desde principios de año y 632 están desaparecidas, lo que hace un total de 1.024, según el boletín actualizado a 21 de agosto."
dataset2,lsa-noticias-en-lengua-de-senas-argentina-resumen-semanal-17102021_44,46,-11.5,40.5,"entre los argentinos mencionados en la investigación figuran uno de los hermanos del ex presidente mauricio macri, mariano macri, zulema menem, hija del ex presidente carlos menem; el jugador del paris saint germain y de la selección ángel di maría; y el ex futbolista javier mascherano."
dataset2,lsa-noticias-en-lengua-de-senas-argentina-resumen-semanal-17102021_55,45,-11.5,40.5,"la legisladora natalia de la sota, quien preside la comisión de derechos humanos, manifestó: “incorporar intérpretes en lengua de señas es ampliar claramente las vías de accesibilidad comunicacional, garantizar el acceso a la información pública y la participación de todos los sectores de nuestra sociedad”."
dataset2,lsa-noticias-en-lengua-de-senas-argentina-resumen-semanal-17102021_65,64,-11.5,40.5,"en esas mismas tierras, el llamado camino real de la yerba mate, cuatro siglos màs tarde, comienza el proceso de modernización de lo que es nuestra infusión nacional. pero veamos un poco de esa historia… en 1924, víctor navajas centeno, siembra las primeras plantas de yerba en la pequeña estancia que heredó y en pocos años las plantaciones se convierten en yerba. en mates excelentes."
dataset2,noticias-en-lengua-de-senas-argentina-resumen-semanal-28022021_80,43,-11.5,40.5,"el problema y el mayor desafío es que la obesidad no tiene una causa única. hay tres factores que la caracterizan: primero, ingerir más de lo que el organismo necesita para graduar su equilibrio en el peso normal, siendo generalmente este un exceso."
dataset2,lsa-noticias-en-lengua-de-senas-argentina-resumen-semanal-12092021_35,53,-11.5,40.5,"de la capacitación participaron también agentes del área de coordinación técnica en discapacidad de la legislatura de chaco e intérpretes de lengua de señas pertenecientes a la asociación civil de docentes intérpretes de lengua de señas argentina, acdilsa, quienes también participarán el día de las elecciones brindando su servicio durante toda la jornada."
dataset2,lsa-noticias-en-lengua-de-senas-argentina-resumen-semanal-12092021_68,45,-11.5,40.5,"para todos, para el público en general, los carpinchos ganaron la batalla de la empatía popular, pero ¿qué hay detrás de la tierna imagen de una familia carpincha y sus crías huyendo desesperadas por las calles de nordelta o atacando a un perfumado perro miniatura?"
dataset2,lsa-noticias-en-lengua-de-senas-argentina-resumen-semanal-12092021_85,71,-11.5,40.5,"la menor circulación humana generada por la pandemia y las excepcionales condiciones ambientales relacionadas con la sequía extrema, la histórica bajante del río paraná y los grandes incendios, en su mayoría de origen humano, que vienen ocurriendo en los humedales del delta desde hace casi dos años, favorecieron el desplazamiento y eventual ingreso de nuevos ejemplares de carpinchos al área del mega-complejo, a los que pueden haberse sumado otros traídos intencionalmente."
dataset2,lsa-noticias-en-lengua-de-senas-argentina-resumen-semanal-07062021_25,52,-11.5,40.5,"el tribunal oral de menores 2 de capital federal siguió la senda de la imputación de la fiscal susana pernas, quien había pedido tres años de prisión en suspenso y seis de inhabilitación para trabajar como policía, por considerar a chocobar autor del delito de ""homicidio agravado en exceso del cumplimiento del deber""."
dataset2,lsa-noticias-en-lengua-de-senas-argentina-resumen-semanal-07062021_30,46,-11.5,40.5,"al ser una pena menor de tres años y un día, la prisión queda en suspenso y el agente bonaerense, que nunca estuvo detenido por el hecho, no irá a la cárcel, excepto que en el transcurso de este tiempo tenga otro problema con la ley."
dataset2,lsa-noticias-en-lengua-de-senas-argentina-resumen-semanal-07062021_156,43,-11.5,40.5,"los cortos cuentan con el apoyo del ministerio de cultura de la nación, el municipio de bariloche, la idea y producción está a cargo del museo paleontológico bariloche y el asesoramiento en lsa está a cargo del equipo de interpretaciòn de el puente."
dataset2,lsa-noticias-en-lengua-de-senas-argentina-resumen-semanal-07062021_287,41,-11.5,40.5,"la ley de protección integral de las personas con discapacidad n°18.651 en el artículo 19 establece que cuando se crea este tipo de ley, hay un concurso laboral o una convocatoria se debe cumplir con un cupo determinado para personas con discapacidad."
dataset2,lsa-noticias-en-lengua-de-senas-argentina-resumen-semanal-07062021_359,47,-11.5,40.5,"la disposición agrega que para facilitar la accesibilidad de sus servicios, las administraciones públicas deben promover la difusión de los servicios de interpretación en lengua de señas, subtitulado y cualquier otro método adecuado para favorecer la comprensión del ""lenguaje verbal"" así como iniciativas de formación del personal."
dataset2,noticias-en-lengua-de-senas-argentina-resumen-semanal-11042021_50,47,-11.5,40.5,"la zeea es un área que respeta un acuerdo de la onu, naciones unidas, sobre el derecho del mar, y no que puede extenderse más allá de 200 millas marinas, y donde nuestro país tiene derechos de soberanía y de explotación de los recursos naturales que allí existan."
dataset2,noticias-en-lengua-de-senas-argentina-resumen-semanal-11042021_125,49,-11.5,40.5,"como parte del primer proceso por los abusos cometidos en la institución a fines del 2019 fueron juzgados el cura horacio hugo corbacho blanck condenado a 45 años de prisión, su par italiano nicola corradi por una pena de 42 años y el ex jardinero armando gómez, sentenciado a 18 años de prisión."
dataset2,noticias-en-lengua-de-senas-argentina-resumen-semanal-11042021_155,45,-11.5,40.5,"la defensoría del pueblo de la provincia de santa fe presentó la semana pasada dos piezas audiovisuales, videos, de difusión institucional realizadas con lengua de seña argentina, lsa, para que las personas sordas puedan conocer cómo plantear cuestiones ante la institución y defender sus derechos."
dataset2,noticias-en-lengua-de-senas-argentina-resumen-semanal-25042021_10,42,-11.5,40.5,"esta semana te vamos a contar el caso próvolo de mendoza, vamos a ver que está sucediendo. en segundo lugar el día coda, la vacuna sputnik v se fabricará en argentina y por último vamos a ver que sucede con la superliga."
dataset2,noticias-en-lengua-de-senas-argentina-resumen-semanal-25042021_26,56,-11.5,40.5,"la semana pasada se conoció que el laboratorio richmond informó que fabricó y envió recientemente dosis de sptunik v a moscú, junto al instituto gamaleya, con el objetivo de obtener la aprobación rusa para iniciar la producción masiva en una de sus plantas ubicadas en el partido de malvinas argentinas, en la provincia de buenos aires."
dataset2,noticias-en-lengua-de-senas-argentina-resumen-semanal-25042021_31,43,-11.5,40.5,"los lotes enviados a rusia incluyen 21.000 dosis, una gran cantidad de vacunas, que serán testeadas y sometidas a pruebas de calidad en el instituto gamaleya como paso previo a su fabricación en escala que se cree podría comenzar en el mes de junio."
dataset2,noticias-en-lengua-de-senas-argentina-resumen-semanal-25042021_76,67,-11.5,40.5,"el escenario número cuatro, que es el más duro de todos y establece una reducción del 73% de los estudiantes en las aulas, sólo asistirán a clases presenciales aquellos que estén transitando el cambio de un nivel a otro, es decir, los que están en maternal, solo los de sala de cinco; los de 1°, 2° y 7° grados de primaria; los del primer año de secundaria y los del cate."
dataset2,noticias-en-lengua-de-senas-argentina-resumen-semanal-25042021_122,48,-11.5,40.5,"al día siguiente abandonaron la idea los tres equipos italianos, en españa hizo lo propio el atlético de madrid, faltarían ver qué sucede con el barcelona y real madrid, quienes seguramente se bajarán pronto también, lo que da cuenta del fracaso de la idea de armar esta superliga."
dataset2,noticias-en-lengua-de-senas-argentina-resumen-semanal-25042021_133,47,-11.5,40.5,"la jornada se cerró con una ronda de debate que concluyó con la convicción y la necesidad de futuros encuentros para continuar concientizando sobre la mirada de la accesibilidad en general y la cultura sorda en particular, ya que el mural, además, tiene imágenes de la lsa."
dataset2,noticias-en-lengua-de-senas-argentina-resumen-semanal-25042021_279,47,-11.5,40.5,"el proceso, de no mediar inconvenientes ni contratiempos, comenzará en el mes de mayo en los tribunales de mendoza y la novedad es que la religiosa llegará al inicio del proceso judicial privada de su libertad, según lo dispuesto el tribunal presidido por el juez horacio cadile."
dataset2,noticias-en-lengua-de-senas-argentina-resumen-semanal-semana-santa-04042021_12,43,-11.5,40.5,"no te olvides de suscribirte y dar like a este video, para que podamos traer cada vez más noticias y por supuesto actives las campana de notificaciones para que te enteres primero cada vez que subamos un video nuevo y lo puedas ver."
dataset2,noticias-en-lengua-de-senas-argentina-resumen-semanal-semana-santa-04042021_20,53,-11.5,40.5,"estamos en abril y con la llegada del otoño, llega el cambio de estación y eso significa que comenzamos a tener frío algunos días, a tener calor otros, a tener las dos cosas a la vez en diferentes partes del cuerpo y al final es un auténtico lío y las defensas se resienten."
dataset2,noticias-en-lengua-de-senas-argentina-resumen-semanal-semana-santa-04042021_54,43,-11.5,40.5,"no queremos que dejes la habitación abierta de par en par para que entre el frío y enfríe todo, pero sí una ventana que permita que el aire se renueve, se ventile la habitación para evitar los virus. con un poco es suficiente."
dataset2,noticias-en-lengua-de-senas-argentina-resumen-semanal-semana-santa-04042021_59,43,-11.5,40.5,"a partir de este 4 de abril dará comienzo el torneo región buenos aires de sordo de fútbol 11 y desde el 8 de abril se sumarán las categorías futsal, (masculino y femenino) y fútbol senior, todos organizados por la federación argentina de fútbol silencioso (fafs)."
dataset2,noticias-en-lengua-de-senas-argentina-resumen-semanal-semana-santa-04042021_114,43,-11.5,40.5,"esta señora se llama gabriela, es productora cultural y enóloga, y marcelo que también es enólogo, esta es su seña, de casualidad me encontré con ellos y vi la oportunidad, ya que antes no había acceso a la bodega, era muy difícil acceder."
dataset2,noticias-en-lengua-de-senas-argentina-resumen-semanal-semana-santa-04042021_118,59,-11.5,40.5,"entonces, cuando tuve estos contactos vi la oportunidad y con gabriela, la asesora, esta es su seña personal, empezamos a estar en contacto, con más apertura en diferentes situaciones y de a poco comencé a trabajar en esto, yo estaba preocupada por las señas ya que no existían señas en relación al “vino”, ni con la cultura del vino."
dataset2,noticias-en-lengua-de-senas-argentina-resumen-semanal-semana-santa-04042021_149,43,-11.5,40.5,"también tenemos otro objetivo que es la organización de catas virtuales, que la gente puede asistir de manera remota, puede observar y se les explica con todo lo que es el maridaje de comidas, se pueden despejar dudas. es todo virtual por zoom."
dataset2,noticias-en-lengua-de-senas-argentina-resumen-semanal-semana-santa-04042021_163,65,-11.5,40.5,"sí, te cuento, el equipo lo integran la asociación de sordos de mendoza, un grupo de intérpretes de lsa, un grupo de profesores sordos que enseñan lsa, esta es su seña, es como un departamento de lengua de señas dentro de la asociación, la bodega monte viejo, el instituto wine, y también están los topos que son personas sordo ciegas en accesibilidad a la cultura."
dataset2,noticias-en-lengua-de-senas-argentina-resumen-semanal-semana-santa-04042021_174,44,-11.5,40.5,"es un desafío muy importante para el equipo, donde hay personas sordas y también hay intérpretes, hay 2 intérpretes, que también están siempre, trabajamos siempre con los mismos y esto es importante porque nos podemos comunicar y avanzar en este proyecto, es fundamental para difundir."
dataset2,noticias-en-lengua-de-senas-argentina-resumen-semanal-semana-santa-04042021_183,41,-11.5,40.5,"gracias a la capacitación del instituto wine, los profesores nos van enseñando distintos temas, por ejemplo la biografía del vino, las cepas, hacemos catas, hacemos análisis visuales, gustativos, distintos tipos de conceptos, de módulos que nos van enseñando conocimientos más específicos."
dataset2,noticias-en-lengua-de-senas-argentina-resumen-semanal-semana-santa-04042021_425,49,-11.5,40.5,"el año pasado, en el 2020, se extendió dos meses más debido al covid-19 y la cuarentena, pero bueno, las personas oyentes comenzaron a darse cuenta, a reflexionar y debatir sobre la problemática de la comunidad sorda, sobre la lengua de señas y tomaron la decisión de abandonar la carrera."
dataset2,noticias-en-lengua-de-senas-argentina-resumen-semanal-semana-santa-04042021_643,55,-11.5,40.5,"las comunidades sordas son una minoría lingüística y cultural que conviven con la cultura del territorio en el que se asientan, de allí la importancia de conocer y poder acceder a ella en una lengua que permita una total inmersión, no solo para poder reflexionar y desenvolverse en ella si no también para su disfrute."
dataset2,noticias-en-lengua-de-senas-argentina-resumen-semanal-02052021_23,44,-11.5,40.5,"en caso de que dos o más enfermos al mismo tiempo necesiten ser internados en terapia intensiva y exista, por ejemplo, una sola cama, los hospitales deberán resolver a través de un comité de ética, qué paciente la recibirá primero y quién será relegado."
dataset2,noticias-en-lengua-de-senas-argentina-resumen-semanal-02052021_36,45,-11.5,40.5,"un médico que dirige hace más de una década la unidad de terapia intensiva de un hospital del amba, aseguró: “el principal indicador para no asignarle a un paciente una cama y a otros sí es, primero, la certeza de la cercanía del óbito, fallecimiento”."
dataset2,noticias-en-lengua-de-senas-argentina-resumen-semanal-02052021_68,43,-11.5,40.5,"venezuela encabeza por lejos el ranking 2020, con un “índice de miseria” de 3.827,6 puntos debido a una tasa de inflación de 3.713%, en 2019 había sido de 7.374%, de interés del 33,1%, de desempleo del 50,3%, más del doble que en 2019, y una caída del pbi per cápita del 30,9 %."
dataset2,noticias-en-lengua-de-senas-argentina-resumen-semanal-02052021_226,44,-11.5,40.5,"la princesa viajó por europa, pasó la segunda guerra mundial en atenas ayudando a los judíos, trabajó para la cruz roja y se convirtió en la madre superiora tras fundar una sociedad monástica con el objetivo de enseñar cómo cuidar a los niños desfavorecidos."
dataset2,noticias-en-lengua-de-senas-argentina-resumen-semanal-02052021_235,43,-11.5,40.5,"alicia de battenberg no volvió a reino unido hasta 1947 con motivo de la boda de su hijo con la aún princesa isabel, siendo el único miembro de su familia directa en asistir, ya que el resto de sus hijas no asistió al evento."
dataset2,noticias-en-lengua-de-senas-argentina-resumen-semanal-31012021_25,46,-11.5,40.5,"dentro de pocos días comenzarán las clases los jardines de infantes y los primeros ciclos de primaria y secundaria, es decir, los grados o años a los que asisten los niños más pequeños en el caso de la primaria y no los que están por graduarse."
dataset2,noticias-en-lengua-de-senas-argentina-resumen-semanal-31012021_65,44,-11.5,40.5,"como vieron, esto no es igual para todo el país, sino que lo define cada provincia, cada municipio, por ende deberán estar atentos de cuáles son las novedades en el lugar en el viven para saber cómo y cuándo será el retorno a clases."
dataset2,noticias-en-lengua-de-senas-argentina-resumen-semanal-31012021_108,44,-11.5,40.5,"una información importante que podemos ver en los medios de comunicación, en la televisión o en el celular, es el índice uv (ultravioleta), que mide la energía con la que rayos solares llegan a la tierra que van del 1 al 11, dependiendo de la intensidad."
dataset2,noticias-en-lengua-de-senas-argentina-resumen-semanal-31012021_119,50,-11.5,40.5,"en argentina, un caso paradigmático es el de villa epecuén, un pueblo turístico del sudoeste de la provincia de buenos aires, que en 1985 quedó sumergido totalmente bajo el agua, y luego de que las aguas bajaran, los turistas se interesaron por conocer este pueblo y lo que quedó de él."
dataset2,noticias-en-lengua-de-senas-argentina-resumen-semanal-31012021_190,43,-11.5,40.5,"¿vieron cómo se encadenan las lagunas? el agua llega desde las sierras, la laguna de epecuén es la más baja de la zona, por eso su crecida fue rápida, ya que recibió todo el afluente de agua desde lo más alto del territorio."
dataset2,noticias-en-lengua-de-senas-argentina-resumen-semanal-31012021_229,49,-11.5,40.5,"sin embargo y a diferencia de nuestro país, nuestros hermanos chilenos han dado un paso enorme en materia de inclusión: el senado aprobó una serie de modificaciones a la ley 20.422 que reconoce a la lengua de señas chilena como “lengua natural, originaria y patrimonio intangible de las personas sordas”."
dataset2,noticias-en-lengua-de-senas-argentina-resumen-semanal-31012021_248,42,-11.5,40.5,"en el año 2017, maría luisa mamani y maría josé ruiz del directorio de la unidos ag y otras asociaciones comenzaron a ver que más y más instructores de lengua de señas se quedaban sin sus trabajos como enseñantes de su propia lengua."
dataset2,noticias-en-lengua-de-senas-argentina-resumen-semanal-31012021_268,62,-11.5,40.5,"trabajamos por varios meses e hicimos una propuesta conjunta que se presentó a la comisión de desarrollo social de la cámara de diputados, la asoch presentó su propuesta aparte y en la mesa de las asesoras de esta comisión se aunó una propuesta final, que fue aprobada en la cámara de diputados pese a los intentos de senadis por obstaculizar nuestro avance."
dataset2,noticias-en-lengua-de-senas-argentina-resumen-semanal-31012021_278,43,-11.5,40.5,"el estallido social chileno en octubre de 2019 congeló el avance de nuestro proyecto hasta que en junio de 2020, debido a la participación en la agenda de género de la fundación nellie zabel, pudimos solicitar a la presidenta del senado, adriana muñoz, una audiencia."
dataset2,noticias-en-lengua-de-senas-argentina-resumen-semanal-31012021_289,52,-11.5,40.5,"nuevamente nos enteramos de que el senadis presentó sus objeciones para cuando se iba a votar en diciembre, y otra vez la comunidad sorda se opuso, con la campaña “senadis no me representa”, y el 21 de diciembre el senado decide aprobar nuestro proyecto, que fue promulgado y publicado el 22 de enero de 2021."
dataset2,noticias-en-lengua-de-senas-argentina-resumen-semanal-31012021_303,54,-11.5,40.5,"la convención de los derechos humanos de las personas con discapacidad define la discapacidad como un concepto dinámico no estático, referido a una situación que se produce cuando factores personales de tu cuerpo o biología colisionan con factores y actitudes del entorno y que imponen barreras para tu participación o desarrollo como ser humano."
dataset2,noticias-en-lengua-de-senas-argentina-resumen-semanal-31012021_326,52,-11.5,40.5,"además de esto, la persona sorda tiene el derecho a participar en la vida comunitaria y cultural con otras personas sordas, a desarrollar su sentido de pertenencia e identidad con sus pares que tienen no solo esta biología visual sino también pares con quienes comparte una historia de opresión, resistencia y solidaridad."
dataset2,noticias-en-lengua-de-senas-argentina-resumen-semanal-31012021_361,45,-11.5,40.5,"se incrementará la inclusión laboral ya que los instructores sordos calificados tendrán la prerrogativa de enseñanza de la lengua que constituye su propia lengua natural, por lo que las universidades, otec, centros de capacitación deberán agotar las posibilidades de contratación primeramente con las personas sordas."
dataset2,noticias-en-lengua-de-senas-argentina-resumen-semanal-31012021_414,54,-11.5,40.5,"también, las organizaciones de personas sordas y de la comunidad sorda deben hacerse partícipes y hacer seguimiento del reglamento que se va a redactar con el ministerio de educación y el ministerio de desarrollo social, documento que va a regular las condiciones, requisitos y calificaciones necesarias para la enseñanza de la lengua de señas."
dataset2,noticias-en-lengua-de-senas-argentina-resumen-semanal-31012021_425,47,-11.5,40.5,"finalmente, sabemos que chile está en plena etapa de campaña de elecciones de los constituyentes que van a escribir la nueva constitución, y en todo el país solo hay cuatro personas sordas compitiendo para esos cargos, tú eres una de ellas. ¿qué nos puedes contar al respecto?"
dataset2,noticias-en-lengua-de-senas-argentina-resumen-semanal-31012021_523,47,-11.5,40.5,"yo estoy doblemente feliz porque quiero ser profesora de niños sordos y enseñarle a ellos qué es la ley de lengua de señas y que los niños puedan mirar la lengua de señas y que la respeten, la admiren, la aplaudan. ojalá que muchos países nos copien."
dataset2,lsa-noticias-en-lengua-de-senas-argentina-resumen-semanal-24102021_16,46,-11.5,40.5,"un análisis realizado por el i.e.r.a.l, de la fundación mediterránea, estimó que si no se corrige la trayectoria ascendente del gasto público, subsidios, planes sociales, jubilaciones, educación salud, intereses de la deuda, la divisa debería ubicarse en $162 para mediados del año próximo."
dataset2,lsa-noticias-en-lengua-de-senas-argentina-resumen-semanal-24102021_26,41,-11.5,40.5,"la decisión oficial fue salir a cuidar las reservas, a través de nuevas restricciones para acceder al mercado cambiario para importadores y también para los inversores que buscan dolarizarse a través de la compra venta de bonos vía “contado con liquidación”."
dataset2,lsa-noticias-en-lengua-de-senas-argentina-resumen-semanal-11072021_32,49,-11.5,40.5,"ante la dificultad del acceso al segundo componente de la sputnik v y la premura por inmunizar con las dos dosis a la mayor cantidad de ciudadano, la capital federal realizará un estudio de combinación de vacunas y convocó a quienes tengan la primera dosis de la sputnik v."
dataset2,lsa-noticias-en-lengua-de-senas-argentina-resumen-semanal-11072021_42,52,-11.5,40.5,"el ministro quirós dijo: ""es para documentar la seguridad y eficacia de vacunas, para que no haya ninguna dificultad con los porteños que quieran completar su esquema de vacunación"" con la inscripción uno no deja de estar empadronado para recibir la segunda dosis de la vacuna contra el covid-19 que tenían prevista."
dataset2,lsa-noticias-en-lengua-de-senas-argentina-resumen-semanal-11072021_94,51,-11.5,40.5,"estamos en una época muy diferente desde el punto de vista tecnológico es por ellos que se pudieron empezar a producir versiones humanas de estas películas, con una técnica llamada ¨live action¨, algunos de los cortometrajes hechos con esta técnica son, "" dumbo"", ""aladdín, mulán"", ""la bella y la bestia"", entre otras."
dataset2,lsa-noticias-en-lengua-de-senas-argentina-resumen-semanal-27062021_79,46,-11.5,40.5,"¿qué es el grooming? es la acción deliberada de un adulto, varón o mujer, de acosar sexualmente a una niña, niño o adolescente a través de un medio digital como por ejemplo redes sociales, correo electrónico, mensajes de texto, sitios de chat o juegos en línea."
dataset2,lsa-noticias-en-lengua-de-senas-argentina-resumen-semanal-27062021_102,46,-11.5,40.5,"la ciudad de buenos aires anunció que pondrán el foco en aplicar las segundas dosis a quienes ya están vacunados, en lo que parece marcar un cambio de estrategia ante la preocupación de las autoridades sanitarias por la expansión de la variable ""delta"" a nivel mundial."
dataset2,lsa-noticias-en-lengua-de-senas-argentina-resumen-semanal-27062021_167,56,-11.5,40.5,"mañana es el lunes 28 de junio, día del orgullo, como había explicado hace dos domingos pasado sobre la comunidad lgbt, entonces continúo recomendando películas, esas son: ""los muchachos no lloran"", basada en la historia real de teena brandon, un joven transexual que fue violado y asesinado en 1993 por dos hombres, tras descubrir su cambio de sexo."
dataset2,lsa-noticias-en-lengua-de-senas-argentina-resumen-semanal-27062021_186,47,-11.5,40.5,"con el objetivo de promover estilos de vida que no incluyan excesos de ningún tipo y que las personas adopten modos de vida que propicien la buena salud, la instructora sorda silvia giordano nos explicó por qué se celebra este día y los beneficios de esta práctica."
dataset2,lsa-noticias-en-lengua-de-senas-argentina-resumen-semanal-27062021_196,44,-11.5,40.5,"en el 2013, el primer ministro, recalca la importancia de generar este día y al año siguiente, 2014, es aprobado por la onu el día internacional del yoga en la fecha 21 de junio para remarcar la vida saludable, concientizar, la prevención de enfermedades y el estrés."
dataset2,lsa-noticias-en-lengua-de-senas-argentina-resumen-semanal-27062021_219,41,-11.5,40.5,su pasión por el arte y la moda le abrieron las puertas al mundo de los certámenes de belleza y su último gran logro ha sido configurar el traje típico que la modelo janick maceta lució en el miss universo perú 2021.
dataset2,lsa-noticias-en-lengua-de-senas-argentina-resumen-semanal-27062021_237,46,-11.5,40.5,"una vez que utilicemos el plástico no hace falta que la tiremos, podemos ir llenándola con distintas bolsas o distintos plásticos porque lo que estamos buscando es que no se desparrame el plástico, que no ande suelto, sino que este todo comprimido dentro de un contenedor."
dataset2,lsa-noticias-en-lengua-de-senas-argentina-resumen-semanal-05092021_14,43,-11.5,40.5,"la iniciativa busca impulsar una ley que reconozca de manera oficial a la lengua de señas argentina como una lengua natural, originaria y que forme parte del patrimonio lingüístico y cultural de la comunidad sorda en todo el territorio de la república argentina."
dataset2,lsa-noticias-en-lengua-de-senas-argentina-resumen-semanal-05092021_22,54,-11.5,40.5,"del encuentro, participaron las autoridades de la cas: enzo rizzi, presidente, julia valmarrosa, secretaria general, claudia matut, tesorera, jorge agustín rodríguez, protesorero, facundo prieto quinta, primer vocal, yahel saint paul, segunda vocal, alejandro makotrinsky, asesor técnico sordo, y laura astrada, en calidad de titular de la asociación argentina de intérpretes de lengua de señas."
dataset2,lsa-noticias-en-lengua-de-senas-argentina-resumen-semanal-05092021_60,42,-11.5,40.5,"por ejemplo, la llamada quíntuple prevalente, que se aplica en argentina entre los 15 y los 18 meses de edad, incluye la difteria, el tétanos, la tos convulsa o coqueluche, la influenza tipo b y la hepatitis b, en el caso de la quíntuple."
dataset2,noticias-en-lengua-de-senas-argentina-lsa-resumen-semanal-19122021_86,51,-11.5,40.5,"en 2018 thelma contó lo sucedido en el hotel de nicaragua en el que se encontraban alojados a través de un video, ""durante nueve años lo anulé para poder seguir adelante, hasta que unos meses atrás escuché a otra chica acusar a la misma persona y eso fue un cachetazo para mí""."
dataset2,noticias-en-lengua-de-senas-argentina-lsa-resumen-semanal-19122021_107,42,-11.5,40.5,"luego de la denuncia de violación el acusado, juan darthes, dio declaraciones a la prensa negando los hechos y en esa misma semana viajó a brasil en secreto para instalarse en su país de nacimiento, evitando así una posible extradición a nicaragua."
dataset2,noticias-en-lengua-de-senas-argentina-lsa-resumen-semanal-19122021_120,59,-11.5,40.5,según el colectivo de actrices las denuncias por violencia de género aumentaron un 1240 % en las 24 horas posteriores a la denuncia de fardin y remarcaron que hoy en día las víctimas sufren la crueldad por parte del sistema judicial que no las legitimiza sino que pone en duda la denuncia sumado al trauma y los costos económicos que denunciar implica.
dataset2,noticias-en-lengua-de-senas-argentina-lsa-resumen-semanal-19122021_125,44,-11.5,40.5,"la expresión phishing es utilizada para definir a un tipo de fraude que tiene por objetivo engañar a la persona usuaria para que revele algún tipo de información, generalmente financiera o personal, con el objetivo de suplantar su identidad digital y obtener algún beneficio."
dataset2,noticias-en-lengua-de-senas-argentina-lsa-resumen-semanal-19122021_197,43,-11.5,40.5,"por ejemplo; el punto cardinal de un libro será el momento en el que alguien pensó que deseaba escribirlo, o el momento en el que se sentó y escribió la primera palabra, luego con el tiempo, desarrollará cada capítulo hasta terminar la obra."
dataset2,lsa-noticias-en-lengua-de-senas-argentina-resumen-semanal-31102021_42,48,-11.5,40.5,"el sábado 16 de octubre, el programa sordas sin violencia, la asociación de sordos de quilmes, y la asociación enlaces territoriales para la equidad de género, junto a las secretarías de culturas y deportes; de mujeres y diversidades del municipio de quilmes, organizaron una actividad especial para personas sordas."
dataset2,lsa-noticias-en-lengua-de-senas-argentina-resumen-semanal-22082021_14,44,-11.5,40.5,"""a pesar de haberse llegado a un acuerdo entre el fc barcelona y ""leo"" messi y con la clara intención de ambas partes de firmar un nuevo contrato, no se podrá formalizar debido a obstáculos económicos y estructurales”, dice el comunicado del club catalán."
dataset2,lsa-noticias-en-lengua-de-senas-argentina-resumen-semanal-22082021_104,49,-11.5,40.5,"se estima que unas 2.000.000 personas que se dieron la primera dosis de la sputnik v hace más de tres meses y aunque la inmunidad otorgada ""no vence"" completar el esquema refuerza la protección y la hace más duradera, sobre todo antes el aumento de casos de la variante delta."
dataset2,noticias-en-lengua-de-senas-argentina-resumen-semanal-18042021_127,44,-11.5,40.5,el pasado jueves 8 de abril cas realizó la primera mesa de trabajo para debatir respecto al proyecto de ley que se presentará en el congreso de la nación para el reconocimiento de la lsa como patrimonio cultural y lingüístico de la comunidad sorda argentina.
dataset2,noticias-en-lengua-de-senas-argentina-resumen-semanal-18042021_131,43,-11.5,40.5,"esa primera convocatoria fue para la región patagonia y contó con la participación de más de 40 expositores, entre ellos deborah malalel, miembro de un equipo de profesionales ilsa y asesores sordos abocados a la accesibilidad en la ciudad de bariloche, llamado el puente."
dataset2,noticias-en-lengua-de-senas-argentina-resumen-semanal-18042021_212,48,-11.5,40.5,"después, en el ámbito laboral, por ejemplo, en una reunión de trabajo que se realiza de forma oral y después le llega un breve resumen a la persona sorda. este mismo quiere opinar, debatir, pero ya no hay tiempo, ya es tarde o ya se cerró el tema."
dataset2,noticias-en-lengua-de-senas-argentina-resumen-semanal-18042021_271,46,-11.5,40.5,"en la provincia de santiago del estero, el área de discapacidad de la municipalidad, acompaña a diferentes asociaciones e instituciones educativas, que en este contexto de pandemia privilegia los espacios públicos, al aire libre y respetando el protocolo sanitario, con el objetivo de promover la inclusión."
dataset2,noticias-en-lengua-de-senas-argentina-resumen-semanal-13122020_155,47,-11.5,40.5,"ridloff ha sido noticia estas últimas semanas porque está entre los nombres de bafta’s breakthrough de este 2020, ha sido incluida en la lista de la academia de las 34 futuras estrellas más prometedoras del cine, los juegos y la televisión en el reino unido y los estados unidos."
dataset2,lsa-noticias-en-lengua-de-senas-argentina-resumen-semanal-30052021_76,46,-11.5,40.5,"en medio del segundo juicio por los abusos cometidos en el instituto antonio próvolo en la provincia de mendoza, el juez que preside el tribunal, horacio cadile, se vio obligado a apartarse del caso por burlarse de una de las principales imputadas, la monja kumiko kosaka."
dataset2,lsa-noticias-en-lengua-de-senas-argentina-resumen-semanal-30052021_315,49,-11.5,40.5,"este servicio estará disponible, en principio, en los siguientes países: estados unidos, inglaterra, australia, canadá, francia, alemania, italia, suecia, suiza, bélgica y austria, en total son 11 países, algunos en los que está presente apple y que cuentan con el servicio en la lengua de señas propia de estos países."
dataset2,lsa-noticias-en-lengua-de-senas-argentina-resumen-semanal-14112021_62,58,-11.5,40.5,"la prensa española informó que el cuerpo médico del barcelona ya se contactó con los doctores del manchester city, su ex club, y con los de la selección argentina para saber si el kun ya sufrió un problema de este tipo ya que el entorno del jugador había avisado que a los 12 años sufrió una situación cardíaca similar."
dataset2,lsa-noticias-en-lengua-de-senas-argentina-resumen-semanal-10102021_36,50,-11.5,40.5,"por ejemplo, es el caso del billete de $1.000, de la serie de animales, que en su reverso no tienen completo el dibujo, solo se ve el fondo sin terminar y falta el mapa de la argentina en color rojo y el árbol con el nido del hornero en color violeta."
dataset2,lsa-noticias-en-lengua-de-senas-argentina-resumen-semanal-10102021_43,41,-11.5,40.5,"en los últimos días se conoció que en distintas plataformas de comercio electrónico se ofertaban monedas de un peso argentino acuñadas en inglaterra en 1995 con un error en su reverso: dicen “provingias” del río de la plata, en lugar de “provincias”."
dataset2,lsa-noticias-en-lengua-de-senas-argentina-resumen-semanal-10102021_132,41,-11.5,40.5,"el encuentro entre seleccionados nacionales emulará lo que era la vieja copa intercontinental entre clubes, que se disputó por última vez en 2004 con el cruce entre porto de portugal y once caldas de colombia, luego tuvo lugar el mundial de clubes."
dataset2,noticias-en-lengua-de-senas-argentina-resumen-semanal-14032021_61,49,-11.5,40.5,"además, destacó ""la importancia del equipo interdisciplinario de la secretaría de deportes de la nación que apoyó a los chicos durante un 2020 duro por la pandemia, pero fue clave el trabajo del licenciado alejandro pérez y su equipo de psicólogos, kinesiólogos, nutricionistas y también el acompañamiento de la confederación""."
dataset2,noticias-en-lengua-de-senas-argentina-resumen-semanal-14032021_66,54,-11.5,40.5,"el grupo de atletas volverá a reunirse en abril, probablemente en la pampa, sumando nadadores y nadadoras de tierra del fuego, la rioja, mar del plata, córdoba y la pampa, con la idea de realizar un campus nacional y continuar con el perfeccionamiento de cara a la competencia prevista para mayo del próximo año."
dataset2,noticias-en-lengua-de-senas-argentina-resumen-semanal-14032021_124,64,-11.5,40.5,"luego de ese primer encuentro, una mamá de un compañero se contactó con la mamá de magalí, florencia pessino, para avisarle que entre todos los padres iban a realizar una colecta para comprar barbijos transparentes para sus hijos, y también para la maestra de grado, para facilitar la lectura de labios y tener una mejor comunicación con magalí. la emoción las invadió a ambas."
dataset2,noticias-en-lengua-de-senas-argentina-resumen-semanal-14032021_132,47,-11.5,40.5,"el lunes pasado ella comenzó las clases y con una mamá del grupo de madres y el grupo de niños compañeros de magalí se pusieron de acuerdo para utilizar barbijo trasparentes porque saben que nosotros dos somos sordas, y también para que esto traiga una mejor comunicación."
dataset2,noticias-en-lengua-de-senas-argentina-resumen-semanal-14032021_146,56,-11.5,40.5,una paciente argentina con vih logró controlar el virus luego de 12 años de no tomar medicación y genera expectativa en la ciencia internacional. la paciente nunca pensó que su caso iba a provocar una conmoción mundial y menos que iba a ser objeto de estudio de reconocidos científicos internacionales y se convertiría en un caso extraordinario.
dataset2,noticias-en-lengua-de-senas-argentina-resumen-semanal-14032021_180,66,-11.5,40.5,"las contribuciones de las personas sordas y las lenguas de señas al desarrollo científico son numerosas. entre los casos más importantes, ""cn sordos"" recuerda el caso de los 11 sordos norteamericanos que en los años 50 y 60 se ofrecieron voluntarios para una serie de experimentos sobre los efectos de la ausencia de gravedad en el ser humano y cuyos descubrimientos permitieron a la nasa llegar a la luna."
dataset2,noticias-en-lengua-de-senas-argentina-resumen-semanal-14032021_219,63,-11.5,40.5,"cada vez que les contaba a las personas mi sueño, la respuesta era ""pero vos sos sorda"". hace mucho tiempo un grupo de científicos hizo pruebas para investigar a personas sordas que no se marearon ni se descompusieran, los hacían viajar en barco o girar en forma rápida, las personas sordas que participaron de esta investigación nunca se marearon ni se sintieron mal."
dataset2,ultimo-momento-reconocimiento-la-lengua-de-senas-chilena-como-lengua-oficial-de-las-personas-sordas_1,109,-11.5,40.5,"en este momento estoy muy feliz por nuestro país. tambien por nuestros sordos chilenos sus familias , los oyentes, codas , por todos. estamos contentos porque del día 22 de enero el diario oficial del gobierno chileno ya publico el reconocimiento de la lengua de señas chilena lsch  ya sabes lo que esto significa, es que el reconocimiento de lengua de señas existen  dos formas de reconocimiento de la discapacidad auditiva y otra de las personas sordas ahi es donde se incluye el reconocimiento de lengua de señas chilena ahi es donde se incluye el reconocimiento de lengua de señas de chilena, se han hecho modificaciones a ciertos artículos de la ley 20.422."
dataset2,mascotas-en-la-ciudad-episodio-9-en-lengua-de-senas-argentina-lsa_33,54,-11.5,40.5,"en cuanto a las secuelas físicas, si la pandemia ha servido para dar más paseos con los perros y que hagan más deporte, la vuelta a la rutina puede llevar a un aumento de peso en las mascotas y en los más ancianos, una perdida de movilidad y una alteración de sus necesidades fisiológicas."
dataset2,mascotas-en-la-ciudad-episodio-9-en-lengua-de-senas-argentina-lsa_44,46,-11.5,40.5,"entre los principales problemas que surgen por una falta de responsabilidad de algunos dueños es que sacan a sus perros a defecar a la calle y no recogen sus heces, sumando a esto, existe una amplia población de perros callejeros que también defecan al aire libre."
dataset2,mascotas-en-la-ciudad-episodio-9-en-lengua-de-senas-argentina-lsa_51,42,-11.5,40.5,"además, estos perros que no tienen dueños difícilmente habrán sido desparasitados, consumen agua de sitios en los que pueden adquirir párasitos y si también tienen una conducta de coprofagia, consumo de heces, podrían estar reinfectandose de parasitos que podrían transmitirse al humano."
dataset2,como-se-hace-el-compost-episodio-6-en-lengua-de-senas-argentina-lsa_14,42,-11.5,40.5,"es decir, el agua de lluvia transporta los contaminantes hasta un fuente de agua y como las fuentes de agua están conectadas dentro de una misma cuenca hídrica, cuando se contamina una contagia a los demás, desde ahí sacamos agua para tomar."
dataset2,la-tierra-nuestro-planeta-acciones-para-cuidarlo-episodio-4-en-lengua-de-senas-argentina-lsa_47,78,-11.5,40.5,"los cambios provocados por el hombre en la naturaleza, así como los crímenes que perturban la biodiversidad, como la deforestación, el cambio de uso del suelo como el cemento, rellenar humedales y construir country, monocultivo con fumigación toxica; la producción agrícola y ganadería intensiva, la caza, basuras en todos lados, ensuciando agua potable, incendios forestales, minería y el creciente comercio ilegal de vida silvestre, pueden aumentar el contacto y la transmisión de enfermedades infecciosas de animales a humanos."
dataset2,la-tierra-nuestro-planeta-acciones-para-cuidarlo-episodio-4-en-lengua-de-senas-argentina-lsa_76,55,-11.5,40.5,"concretamente fue en 1970 cuando en estados unidos se produjeron las primeras manifestaciones, 20 millones de personas, la conciencia sobre los problemas de superpoblación que sufría el mundo, la necesidad de preservar los ecosistemas, la contaminación, la conservación de biodiversidad, contra el aire contaminado provocado por el transporte y la industria. hace ya más de medio siglo."
dataset2,la-tierra-nuestro-planeta-acciones-para-cuidarlo-episodio-4-en-lengua-de-senas-argentina-lsa_115,41,-11.5,40.5,"trata de reducir el consumo de carnes y lácteos, no solo por el respeto a la biodiversidad, sino también porque la ganadería industrial implica un uso excesivo de recursos naturales, contaminación, tanto en la producción como en su transporte y embalaje."
dataset2,agua-como-tomar-conciencia-sobre-su-cuidado-episodio-3-en-lengua-de-senas-argentina-lsa_32,52,-11.5,40.5,"actualmenmte existe mucha preocupación en todo lo que concierre a los recursos hídricos de todo el planeta, ya que en los últimos años se ha venido notando una disminución significativa de los mismos por el uso indebido y el despilfarro debido a un crecimiento acelerado de la población en todo el mundo."
dataset2,como-hacer-una-huerta-urbana-en-casa-episodio-8-en-lengua-de-senas-argentina-lsa_17,49,-11.5,40.5,"debido a la cantidad de personas que necesitan alimentarse en el planeta, se empezó a usar la tierra de una manera más intensiva, tratando de cosechar más cantidad con la misma cantidad de tierra, pasó de extensiva a intensiva para después mandar a las industrias lo que se cosechó."
dataset2,como-hacer-una-huerta-urbana-en-casa-episodio-8-en-lengua-de-senas-argentina-lsa_29,45,-11.5,40.5,"las consecuencias de este tipo de cultivo son, degradación del suelo, uso excesivo y pérdida de agua, contaminación del ambiente, pérdida de biodiversidad, pérdida de control de producción agrícola por parte de comunidades, degradación de la salud humana por deficiencia de minerales en el suelo."
dataset2,como-hacer-una-huerta-urbana-en-casa-episodio-8-en-lengua-de-senas-argentina-lsa_37,45,-11.5,40.5,"los productos derivados del petróleo se usan en envases, se usan árboles para el papel, así el alimento se convirtió cada vez más en una mercadería que deja mucho dinero y se olvidaron de la nutrición, se gasta en patentes, sellos, permisos, plásticos, papeles, etc."
dataset2,como-hacer-una-huerta-urbana-en-casa-episodio-8-en-lengua-de-senas-argentina-lsa_48,52,-11.5,40.5,"esto implica una explotación excesiva de los recursos naturales, un aumento acelerado de la demanda de alimentos, energía, agua y caminos, además de un incremento de la contaminación atmosférica y de los cuerpos de agua, ríos, lagos, mares; mayor contaminación de suelos, sin olvidar la generación alarmante de residuos sólidos y peligrosos."
dataset2,que-son-los-ecoladrillos-y-las-botellas-de-amor-episodio-7-en-lengua-de-senas-argentina-lsa_5,42,-11.5,40.5,"además de llevar adelante un consumo responsable, utilizar la menor cantidad posible los artículos de un solo uso y separar los residuos, existe una práctica amigable con el ambiente que gana cada vez más adeptos: reciclar a través de botellas de amor."
dataset2,que-son-los-ecoladrillos-y-las-botellas-de-amor-episodio-7-en-lengua-de-senas-argentina-lsa_38,50,-11.5,40.5,"algunas ventajas de la madera plástica, además de ayudar a reciclar y contribuir con el planeta, son que su producción desalienta la deforestación, tiene mayor duración que la madera tradicional, se puede lavar con cualquier detergente, no se raja ni se astilla, su mantenimiento es sencillo y es rápida fabricación."
dataset2,guia-basica-de-consumo-responsable-episodio-2-en-lengua-de-senas-argentina-lsa_50,47,-11.5,40.5,"en esa línea se propone cuestionar el consumo de productos: es necesario que derrochen innecesariamente recursos naturales no renovables, es necesario que contaminen de forma desmedida durante su fabricación, es necesario que destruyan el hábitat de otras personas o animales, al desecharlos generan residuos obsoletos y permanentes."
dataset2,leyfederalsa-resumen-de-la-mesa-de-trabajo-region-patagonia_4,44,-11.5,40.5,el pasado jueves 8 de abril cas realizó la primera mesa de trabajo para debatir respecto al proyecto de ley que se presentará en el congreso de la nación para el reconocimiento de la lsa como patrimonio cultural y lingüístico de la comunidad sorda argentina.
dataset2,leyfederalsa-resumen-de-la-mesa-de-trabajo-region-patagonia_8,43,-11.5,40.5,"esa primera convocatoria fue para la región patagonia y contó con la participación de más de 40 expositores, entre ellos deborah malalel, miembro de un equipo de profesionales ilsa y asesores sordos abocados a la accesibilidad en la ciudad de bariloche, llamado el puente."
dataset2,leyfederalsa-resumen-de-la-mesa-de-trabajo-region-patagonia_89,48,-11.5,40.5,"después, en el ámbito laboral, por ejemplo, en una reunión de trabajo que se realiza de forma oral y después le llega un breve resumen a la persona sorda. este mismo quiere opinar, debatir, pero ya no hay tiempo, ya es tarde o ya se cerró el tema."
dataset5,Historias vinetas (12)-6,5,-0.5,3.5,DUEÑO(A)/ PROPIEDAD DE ALGUIEN
dataset5,Historias vinetas (12)-84,4,-0.5,3.5,CONVIVE Ó SE JUNTÓ
dataset5,Historias vinetas (14)-29,4,-0.5,3.5,PERSONA BAJA DEL BOTE
dataset5,Historias vinetas (14)-53,4,-0.5,3.5,J-O-N-Y-S-U-E
dataset6,LSP - Diálogo - Consultores 9 y 16 - Sesión 3 (parte 08),909,-297.5,754.5," Si tiene alguna pregunta... ¿Tienes preguntas? ¿Estoy reclada? Pregúntale a Kevin ¿Por qué? ¿Por qué no una novia? ¿Por qué no una abuela? ¿Por qué una mujer? ¿Una mujer? ¿Bonita? ¿Está bonita? ¿Guapa? ¿Por qué había tenido sangre? ¿De gordo? ¿De gordo? ¿De gordo? ¿Estás contando? ¿Estás contando? Ese te dio claro Entonces ya estás contando ¿Continúa contando? Continúa Continúa ¿Entendiste lo que te conté? ¿Sí? ¿Listo? Igual Igual Igual ¿Tú qué haces de tu idea? ¿Tú has entendido ya? Tus propias señas Una muchacha joven, alta, hermosa, bonita Señorita soltera No, no, estaba casada Estaba soltera Tenía dos hombres Que querían hacer Ella Parecía que Querían casarse Pero El hombre Quería Quería La mujer Quería casarse Y había una discusión entre ellos No es mía Ella me decía ¿Te interesamos a mí? ¿Qué es ti? La chica era bonita ¡Wow! Todos sus vestidos eran Bonitos Muy, muy bonitos El hombre Quería casarse Quería casarse Primero quería casarse Y luego Había discusión Y el otro decía No, yo la prometí Que quería casarse conmigo Entonces La mujer Su número No recuerdo Uno punto Uno Más o menos Cuatro Uno Noventa Salto Y volví A dos Ella le dijo A los dos El hombre Ella quería casarse A los dos Quería a los dos casarse Ella quería casarse También quería casarse Y el hombre Le dijo Un momento Era bonito El alto era bonito El alto era más o menos Le dio una idea Ah, una idea Una idea Había una feria Había una bruja Una bola Se fue Se fue Espérense Se fue Se fue Llegó ahí Al lugar Estaba preocupada Y había una Algún momento No se podía ver Y la bruja Se fue Y la bruja Se fue Y la bruja No recuerdo Entró Y se sentó Y lo llevó Y le preguntó ¿Por qué Puedes tú saber Con quién Con quién En tu grupo Casarme Con un hombre Drenado Guapo O Pregunta ¿Tú sabes? ¿Tú sabes? ¿Puedes? ¿Sabes? Él declaró Su Su Su Su outta Flat Fe Puede mange El futuro Descómo ¿Cada día Como Más claro más Lo quería ella Casarse Estaba pensando en su vida y sven Espero 50 Y A ver Hoy y encontró mira si tú te casas con el hombre guapo, bien vas a tener hijos muchos hijos va a ser un hombre amable para ayudar con un corazón la mujer aceptó le pagó a la mujer se fue se fue se fue después el hombre está emocionado listo para el día de la boda la mujer el hombre era un lugar bonito muy caro, muy bonito el hombre quería el hombre quería el hombre quería muchos hijos seis hijos mujer hombres y mujeres ¿qué pasó? estaba todo bien todo acorde con lo que la bruja le había dicho bien, bien, bien el hombre se fue a trabajar a un lugar estaba bien trabajando ¿qué pasó? que... ¿qué pasó? que... tuvo accidente en su carro y murió el hombre la mujer pensó que... vio los periódicos esas noticias como lo perdió el mundo vio... ... ... ... ... ... un hombre en bicicleta ... ... los periódicos que tiene un hombre en bicicleta los periódicos un hombre tirando ahí y se fue la mujer no sabía luego camina ... ... y ve que coge el periódico y se va hacia su casa abre el periódico comienza a ojearla ... y ve... esposo... esposo, ¿no? había muerto ... ... había un accidente, había destrozado la puerta, había muerto. Estaba triste, mi esposo decía, hace poco tiempo que había muerto, ¿qué pasó? Más, pensó, hasta ahora, triste, con sus hijos. Y tuvo otra idea en la mente, ay, que voy a ver, vengo a otra, al otro hombre. Y el otro hombre dijo, entonces, ¿qué voy a hacer? Pensó, otra vez, pensó, otra vez voy al igual, voy nuevamente a buscar a la divina, y a ver qué ve ahí, voy a buscar a la divina. Entonces se fue, y rápido, rápido, entró, me llamó, me dice, ¿qué pasó? ¿Qué pasó? le preguntaba, adivina, ¿qué pasó? le preguntó a la divina. Dice, ¿qué pasó? Le dije, mi esposo murió. Dice, el otro tiene, el otro tiene, ¿recuerdas al otro hombre? Antes, decía, pues tú, ¿sabes cómo, qué pasa con otro hombre? Y pensó, espérate, nuevamente, otra vez, comenzó a ver ahí, bueno, a hacer su salud. A ver, todo eso, todo lo que estaba ahí. Como niebla, así que apareció, nuevamente, pensaba. Estaba pensando, estaba pensando, una mujer que estaba bien, todo encontró el futuro. Y mira, mira, mira, ya, tú, aquí vas tú, vas a estar bien, vas a ser millonaria, vas a ser mucho, vas a tener muchos carros, diferentes cosas, diferentes cosas. Diferentes, muchas ropas, cinta de ropa, te vas a dar a tu esposo. Y estaba, eso, no entendía, no entendía, no entiendo, decía. ¿Por qué? ¿Por qué? A mí, dice, para mí, si me caso con él, otra vez, sí, le dice. Entonces, me pagó, ahora soy millonaria, dice. Hace mucho oro, ¿no? Muchas cosas brillantes, le decía a la mujer. De verdad, de verdad, me pesabilla. Y luego, me entendía, y luego, otra vez, otra vez, le pagó a la, y ahí, y se fue, pensando, pensando. Me entendía, ella misma, ahí se había equivocado en su decisión, lo que había hecho antes. ¿Qué pasó? No entendía, ¿por qué? ¿Cómo? ¿Qué había estado buscando? ¿Qué había estado buscando? La mujer tenía, tenía dudas. Y perdió su tiempo casándose. En fin."
dataset6,LSP - Diálogo - Consultores 11 y 7 - Sesión 3 (parte 04),1330,-297.5,754.5," Sí, ahora sí. Una niña enferma y su mamá estaban paradas. Estaban ahí solas las dos. En diciembre. Se fue feliz, no había sol, quería jugar. Mamá le dice, cuidado, cuando vengas, venga a tiempo. Sí, sí, dijo la niña. Estaba jugando y plum, se cayó y se rompió la pierna. Uy, ¿qué pasó? Lo llamaron, que le robó con cuidado. Para jugar, pensaba llorar a la niña. Los amigos vinieron y la miraron. La niña hasta era bonita. Le dijeron, ven a jugar. Le dijeron, vamos a jugar, vamos a jugar. Vamos a jugar muchas cosas. ¿Quieres? Le he dicho, lo siento. Me ha roto la pierna. Mi mamá me dijo, cuidado, y yo me caí y me rompí la pierna. Lo siento, discúlpame. Qué pena, se fueron. Después, en enero, nuevamente, la mamá le dice a la niña, está advertida, cuidado con caerte, por favor, cuídate. Sí, sí, yo sé. Le dijo la niña, se fue a jugar. Estaba saliendo nuevamente y la mamá dijo, no, cuidado. Y pum, nuevamente se golpeó la cabeza y lloraba la niña. Y la mamá dijo, ay, terrible esta muchacha. Y se lo llevó. Y el dolor era insoportable. Y llegaron los dos amigos nuevamente, abrió las ventanas y le preguntaron, vamos a jugar, a hacer muchas cosas. Y dijo, no puedo, no puedo ir con ustedes. ¿Por qué? Porque me caí nuevamente. Y ahora, otra vez, rompiste la pierna. Y ahora nuevamente, ¿estás roto? ¿Estás roto? Sí, es mi culpa. Mi mamá me dijo, me divirtió. Yo le dije, lo siento, discúlpame. Los dos amigos se fueron. Después, en febrero, estaba lloviendo. Y nuevamente, se pidió que su mamá pudiese jugar con sus amigos. Y la mamá le dice, cuidado. Le advierto, cuidado, no te vayas a, por favor. No te vayas a enamorar. No, mamá, voy a ir con, solamente a jugar. Ten cuidado al salir. Te vas a caer. No te preocupes. Se puso su... Se puso su abrigo. No tenía frío, nada. Fue y se fue. Abrió la puerta y fue contenta. Pero la lluvia estaba fuerte. Y se enfermó. Tenía fiebre. Está en cama, enferma. Con dolor de cabeza. Me decía mis amigos, ¿qué pasó? ¿Por qué es así? ¿Qué pasó ahora? La lluvia estuvo fuerte. Estaba más corta, más mal. Estaba en cama enferma. Uy, me dijeron los chicos. Lo siento. Por favor. Se me va a responsable. Cuidado. Sí. Y se fue. Después, en marzo, estaba feliz. Se fue a jugar. Mucho cuidado con sus amigos. Se tomaba bien. Se me quedó su mamá. Y su mamá estaba contenta. Porque su niña ya había empezado el colegio en marzo. Un poco, voy a jugar. Decía, voy a hacer una vuelta a jugar. No me dejaron. No, no, no. Primero hay que estudiar. Vas a empezar los exámenes. Y la niña estaba diferente. Mi mamá aceptó. Y se fue. Y esta sana, le preguntó. Estoy sana. Sí. ¿Ves? Vamos a jugar. Dijo, no puedo. Lo siento. No. Mi mamá ha dicho que no. Tengo que estudiar. Los exámenes empiezan en el colegio. Uy, qué pena. Y el muchacho se fue. Cerró la ventana. Y terminó el examen. Ahora otra vez, que le cuente. Que entendió. Que le cuente a su hijo. Sí. A ver si entendí. Tengo que contar a la mamá. Que ella le cuente. Una niña. Está enferma. Muy enferma. La mamá. Está en una casa. Dentro de la casa. Después. Le pidió permiso. Fue a jugar. Con cuidado. Esa chica aceptó. Y se fue. Fue contenta. Estaba saliendo, saliendo, caminando. Y de pronto. Jugando. No sabía. No se dio cuenta. Y se cayó. Mi pierna. No, no. Me dijo. No te preocupes. Lo agarró. Lo llevó. Dijo, ¿qué pasó? Vamos a cuidarlo. Me agarró la pierna. Ten cuidado. Me agarró. Otra vez más. Le vendaron. Y bajó el dolor. En enero o febrero. No recuerdo. Luego. La niña. Viene. Sus amigos vienen. Y le dice. Vamos. Vamos mis amigos a jugar. No, no. No puedo. No puedo. Mi pierna está rota. No puedo ir con ustedes. Uy. No puedo. No puedo. No puedo. No puedo. No puedo. No puedo. No puedo. No puedo. No puedo. No puedo. Como un perrito. Uy. Otro día. Ok. No se fue. La mamá le dijo. Cuando te mejores. Te sanas. Ya puedes salir a jugar. Ella pensó. Otra vez. No importa. Mamá. Permiso para irme. Está bien otra vez más. Pero esta última vez. Ten cuidado. No te vas a caer. Nada por favor. Nada. Entiendes mis consejos. ¿Entiendes? La niña aceptó. Se fue. Estaba paseando. Caminando. pronto se cayó de cabeza. Comenzó a llorar, escuchó a la mamá, vino corriendo, la agarró a su hija y dijo, otra vez, otra vez, uy, cansada esto, yo te he aconsejado, otra vez bien, y se llevó a la casa, la lavó, le ha puesto un chinchón, le vendó, lo siento, ten cuidado, ten mucho cuidado, ten cuidado, te caes mucho, ten cuidado, ¿qué está pasando? Otra vez vino, tocaron la puerta sus amigos, otra vez, otra vez, ¿qué pasa? ¿qué estás pensando? Primero tu piel, ahora tu cabeza, otra vez, uy, ¿qué te dije? La última vez ten cuidado, sé responsable, entendió, ay, estoy dura, no sé, entiende, no te preocupes, otro día, otro día vamos, ok. Al final, se fue. Ahí estaba con dolor de cabeza, le dolía la cabeza. Caminando por ahí. Mamá, permiso para irme, para salir, ¿puedo salir? Permiso. No, no, no, no, no, perdón. Me han llamado que hay colegio, que hay que ir al colegio, cuando en marzo empieza el colegio. Yo, sí, solamente un ratito voy y vengo, un ratito voy y vengo, no, no, no, no puedes, es el tiempo de colegio, empezar, ten cuidado, el profesor me ha dicho, necesitas más exámenes, ten cuidado. Yo, uy, paciencia, no importa. Pasó. Ya no te puedes jugar, bueno. Y después, estaba feliz con el calor. ¿Qué pasó? Enfermedad. Enfermó. Porque no es enferma la energía. Ahora, que él se quede ahí, porque vamos a ver, se está reclamando. Le voy a enseñar unos videos, y va a ser una dinámica, pero con videos. Ya. Eres un sombrero en esa cabeza. Mira, tú vas a ver los videos, igual, ese video termina, él, tú, tú, tú, te vas a highest Light registering. A ver. Igual que las fotos igual, pero ahora. Euros. ¿Qué videos? ¿Qué videos? Sí, vas a trabajar con tu mente ahora. Te según. Déjame mirar dos cortitos. . Que bien, qué bien. Te puedo 한�King aur identifying light. . Muy bien. drawing else image. Muy bien. Amén. Amén.ativos. Sí, sí. Si quieres comentas en las redes de las redes de las redes de las redes de las redes de las redes de las redes de las redes de las redes de las redes de las redes de las redes de las redes de las redes de las webs de las redes de las redes de lasしてvànique. processing data Circle. ¿Quiere ir al barrio? Nos compramos para mí todo el barrio. ¿Pregunta si puede tomar café? ¿Sí? ¿Quiere entonces? ¿Quién quiere tomar café? Los dos. Ah, los dos. Ya. Pero, pero, cuando esté enfrente de la cámara, no. No, no, no. Ya, entonces ponemos los cafés acá. Que se sirvan, sí. Yo soy José. Aprende. Ya yo te enseño. Le ponemos los cafés acá. Gracias. Pero sí, sí, bueno, acá. Hay tecito ahí, tal vez, no sé si. En la manerilla creo que. Está, yo solo lo usaba por ver, no por ver. Mira. Ja, ja. Yo puedo hacer una casita de mí, ¿no? Sí. Sí, claro, sí. Sí. Vamos allá? Todo rápido. Ahí está. Porque ahora es la Bever Y acá te lo leemos. Amen. Pero bueno, eso no es todo lo que estaba haciendo. Sí, sí. Ya ven de servid con eso. Muy bien. Nosotros no entendemos mucho, o sea, no hablamos, pues, ¿no? Ahí hay personas que..."
dataset6,LSP - Diálogo - Consultores 10 y 24 - Sesión 3 (parte 20),858,-297.5,754.5," Aquí te vamos a dar, digamos diversas figuras y te vamos a pedir que nos digas que la seña corresponde al estado, a la característica, a la que se le engancha, no se le engancha. Si hay más de una figura, se pide una seña por figura. Una es una persona burlona. Una persona triste. Una persona triste. Es una, es, es, se ha enojado. La dos. La dos está más enojado. Está con duda. Sorprendido. La dos, con miedo. Está como preocupado. Está acariciando, dando cariño. La otra está. Eh. Ah. Eso es un tigre. Está molesto. Es tiene la cara de aburrido. Está enamorado. Está con un interrogante. Está enfermo. Está enfermo. Está con golpes. Está mareado y está caído. El número dos está durmiendo. La número uno está haciendo ejercicio fuerte. Y la número dos está débil, no puede cargarlo. El número uno es grande y el número dos es chiquito. Es un perro. Número uno, una mujer. Número dos, es un hombre joven. El número que sigue es un adulto. Número uno, es un kilo, pesa. Número dos, es una pluma. Número uno. Es un tigre, un león. El número dos es una tortuga. El número uno está oliendo algo rico. El número dos huele feo. Número uno es bonito, el número dos es... Perdón, el número uno es feo, el número dos es bonito. El número dos huele lejos, el número dos es más foco. El número dos es un gato. Número uno es un gato. Número dos es un gato. es algo chistoso de repente alguien que no sabe número dos es un estudioso está mareado está borracho número uno es un plátano limpio número dos es un plátano feo número uno es algo es un carro antiguo número dos es un carro fino número uno son zapatillas viejas número dos son zapatos nuevos número uno es un pájaro azul número dos es un pájaro rojo número uno es un polo con rayas número uno es un polo con manchas es un árbol caído no, perdón es una flor es una flor que está rota que está caída es una maceta caída es un vaso derramado es un vaso derramado es un vaso derramado es un vaso derramado es una taza derramada número uno es un es un ah ok el número uno es una canastilla llena y dos es una canastilla vacía número uno es una torta número dos está en rodajas número uno es un insecto una cucaracha número dos es un una cucaracha muerta número uno no número uno es una puerta delgada número dos una puerta ancha the door es una mujer que es gorda que no le entra el pantalón es una flaca que es el pantalón le queda grande número uno es es que tiene una falda larga el la otra el número la otra número es una falda corta es una falta corta ahora las figuras van a cambiar un poquito las figuras van a cambiar un poquito se va a mostrar dos o más tipos de una misma cosa. Lo que pedimos es que nos des frases que distinguan estas cosas. Traer un nombre, un nombre común y qué cosa le diferencia. Ok. Ok. Empezamos. Son los dos y qué se diferencia. Los dos son carros. Uno es un carro muy bonito, es fino. El otro carro es antiguo. Los dos. Los dos son carros. Uno es taxi y el otro es un carro de policía. Los dos. Son carros. Son carros. Son diferentes. Uno es un camión, es un bus. Y el otro es un bus donde llevan pasajeros. Perdón, perdón, me equivoqué. Uno es un camión de carga y el otro de pasajeros. Buenos días. Bienvenidos a Papá Luis. D podéis applicarle importantes partes a este video, así que no olviden apreciar el video, porque hay muchas cosas muy interesantes sobre criminalidad. La pertama frase es holyatus a laathi, en el paleocporte results. Con usted leического el tema. Sin embargo, yo solo quiero explicarlo de leowanés y no quiero buscar auriculares popularmente. Pero hay personas con homelandismo... que clo oponente o a 와서 con nosotros, que no tienen między Pickle y Popeye any ***, que es... un basurero. El número uno tiene la bandera, la bandera de Perú. Y el otro carro tiene la bandera de Estados Unidos. El número uno es un lápiz. El número dos es un lapicero. La número uno es una soga. La número dos es una soguilla. La número uno creo que es una pulsera. Y la dos es un anillo que brilla. El número uno es un collar de perla que tiene púas, es de metal. Y la otra es un collar que brilla. La número uno es una casa fina, grande. La número casa es una casa de juguete. Bueno, ya está listo. Vamos a verlo. Ok, vamos a verlo. la primera es una flor es una flor la primera es una flor y la segunda es de es un adorno es una flor de adorno la número uno es un es un sapo y el otro es un sapo azul ahora vamos a vamos a"
dataset6,LSP - Diálogo Consultores 15 y 12- Sesión 3 (parte 05),820,-297.5,754.5," La araña sigue bajando. ¡Miau, miau, miau! El hombre de todo el periódico ve a la araña y grita ¡Ahhh! Y se va escandaloso gritando. Y la araña... El gato se queda ahí y el gato aplasta a la araña con la patita. ¿Tenemos calor? Sí. ¿Qué pasa? ¿Qué pasa? ¡Miau! ¡Miau! Una más. ¡Miau! ¡Miau! Hay un conejo que está acostado y hay un gato. Al otro lado hay uno, un hombrecito que está ahí paralizado. El conejo va avanzando, está comiendo. Y el gato va despacio. Se le lanza al conejo. Y el conejo, ¡ay, qué, qué! Se va yendo, se escapa, se escapa. Y el conejo se escapa y el gato lo persigue. El gato está agarrado, se va por entre sus patas. Se escapa, se burla de mí. Sigue corriendo y ve flores. Y dentro de las flores se mete. Entonces el gato lo mira, lo mira, lo mira. Y el conejo se da toda la vuelta y se pone detrás. Y el gato sigue mirando, esperando que salga. Cuando el gato se pasa, va a ver al conejo. Y lo quiere atrapar y el trae y se empieza a perseguir. Coge esa red que tenía ese muñequito y lo va persiguiendo con la red. Y se enreda él mismo con la red, se la quita. Y el conejo sigue cogiendo sus orejas, la mía, sus orejas. Y el gato está cansado, cansado. Y el conejo, ¡no, pódenlo eso! Y el gato dice, ¡ay, no puedo! Se imagina, ¡ah! ¡No voy a estar muerto! Entonces el conejo lo ve. ¡Oh, no! Y cuando está allí, lo va a atrapar. ¡Ay! Ya no, ya, ¡ven! Y el conejo, ¡ah! Se sorprende, lo abraza. Y el gato se sorprende, abre los brazos, porque le ve el conejo y lo abrazó. Una vez más. Había un conejo y había un gato. Y había un muñequito con una red. El conejo está ahí, por la izquierda, y el gato lo ve, se lo va a sacar. Y el gato, ¡ay! Lo ve, se lo rasapa y se lo lanza. El conejo, ¡ay! Se empiezan a perseguir, perseguir, perseguir, perseguir. Hay un lugar con flores. El conejo se mete. Y el gato, ¡ah! Se queda ahí esperando que salga. Cuando de pronto está a su costado, se ha dado toda la vuelta del conejo y sale a su costado. Lo empieza a perseguir, coge esa red para atraparlo. Lo empieza a perseguir, pero el gato mismo cerrada con la red. Se la quita, la tira. Y el conejo, ¡ay! Está lamiéndose la orejita. Y el gato, ¡ay! Está cansado. Agotado. Está cansado por seguir. Y el conejo, ¡ay! Todo el mundo. Y el gato tiene una idea. Ahora se le mata. Entonces el conejo se acerca a ver cuando ahí el gato lo atrapa. Ya lo tiene ahí atrapado. El conejo está así, ¡ah! No, ya no. Vete, le dice. Y el conejo se alegra y lo abraza. Y el gato, ¡plum! Abre los ojos, le abre los ojos. Y el conejo le abre los ojos. Sigue teniendo. Ya vi un conejo. Ya vi un gato. Ya vi una red. Entonces el gato mira al conejo. Y cuando se está comiendo tranquilo, el gato lo ve. Y se empiezan a perseguir, lo empiezan a perseguir, perseguir, perseguir. Siempre perseguía. Pero desaparecía. Pues entró donde había unas plantas. Entró. El gato estaba allí, esperando, tranquilo, en silencio. Lo miraba, esperaba. Cuando de pronto está a su costado, lo ve y lo quiere atrapar con la red, pero se enreda con la red, lo tira. El conejo, ¡ay! Está con sus orejitas limpiándose. Y el gato, ¡ay! Se ha ido. Se ha ido. Se ha ido. Se ha ido. Se ha ido. Se ha ido. Se ha ido. Se ha ido. Se ha ido. Se ha ido. Se ha ido. Y ya está, viendo el conejo, ¡ay! Está con sus orejitas limpiándose. Y el gato viendo. ¡Ni idea! El gato piensa, ¡no puedo! ¡No puedo! Estoy cansado. ¡Ay! De tanto perseguir al conejo. ¡Oh, se había muerto! Se tira. Y el conejo lo mira, ¡ah! Se sorprende. Y se va acercando al conejo. Y el gato se le lanza encima. El conejo se hace el cuchillo y se tira. Y el conejo se tira. Y el conejo se tira y se tira. Y el conejo se tira. Y el conejo se tira. Y el conejo se tira. Y el conejo se tira. asusta y cuando ya lo va, vete, le dice. Y el conejo se pone muy feliz, lo abraza. Ah, el conejo se sorprende, se va, se sorprende de la brasa y ahí le acaba. ¿No? ¿Qué pasó, qué pasó? ¿Qué pasó? No lo veo. No lo veo. No, no, no. ¡Oh, no! ¡Ahhh! No hay más. No hay más. No hay más. No hay más. No hay más. No hay más."
dataset6,LSP - Diálogo Consultores 3 y 7- Sesión 3 (parte 14),908,-297.5,754.5," Es una historia clara. En una casa hay un gato y un hombre. Te voy a contar qué es lo que pasa. En la casa hay muchas sillas y el hombre está sentado leyendo. Y el gato está echado. Se empieza a despertar, se lame. Y el hombre lo acaricia y lo deja. Y sigue leyendo. Y el gato lo soba con su ojo y el chico lo vuelve a acariciar. Y de pronto aparece. Una araña. Y el hombre está leyendo. ¡Ahhh! ¡Mira, mira, oye! ¡Ayúdame! Y el gato mira. Lo mira al señor y lo mira a la araña. Y el hombre desesperado. ¡Oye, mira! ¡Mátala, mátala! ¡Mátala esa araña! Y el gato va. Y con las patitas empieza a jugar con la araña. Le empuja de un lado para otro y la araña. Y el gato se... Come a la araña. Se relaja y ya está. Y se le salió por ahí una patita. El hombre estaba tranquilo. ¡Ay, gracias! ¡Eso es para ayudarme! Y el gato... El hombre sigue leyendo su libro, tranquilo. Sigue leyendo y el gato... En la boca lo tenía la araña y la bota. ¡Miau, miau! Le pasa la voz. Le pasa la voz y el hombre no le hace caso solamente le toca la cabeza y ya está. ¡Miau, miau, miau! Trata de señalarle, le pasa la araña pero nada. Se trepa, sí, le sigue pasando la voz al hombre y el hombre no le hace caso. Y la araña se reincorpora y el gatito le sigue pasando la voz. ¡Miau, miau, miau, miau, miau! Pero el hombre la acaricia. Y de pronto la araña se la empieza a trepar. Trepara el hombre por las piernas, por el cuerpo. Y el gato... ¡Miau, miau, miau! Y el señor tranquilo. Le toca el gato y la araña se empieza a pasear por todo el hombre. El gato empieza a pasarse por detrás del asiento. Y la araña sube, sube, sube, sube, se pone en su cabeza, va por toda su cabeza. Se va de un lado para otro. El señor se voltea y coge al gato y el gato... ¡Miau, miau, miau! Pero no le hace caso. No suelta. La araña baja, baja por el brazo. Sube. Se pone en su libro y con el señor voltea, mira el libro. Ve a la araña... ¡Aaay! Grita descompensadamente. Y termina cayéndose del susto, ¿no? Se enreda con la sauna, con la cortina, se golpea. El gato estaba en una silla, la araña en otra. Y veía en cómo se movía. Y veían cómo el hombre agitado se tropezaba. Se queda mirando al gato y la araña. Se mira y termina. Un segundo porque voy a ajustar. Ya. Esto le he contado. ¿No era? Era normal. Él le ha contado una historia. Hay un gato en una casa. Y hay un hombre también, joven, no sé. Y el gato está echado durmiendo. Y el hombre está sentado donde hay bastante silla. Un gato le da parasites. Está leyendo. Ah, leyendo tranquilo. El gato se levanta, se empieza a respirar... Y el hombre lo ve y lo acaricia, ¿no? El gato feliz de ser acariciado. Desfruta mucho de lo que le dicen. El gato el hombre sigue leyendo. El gato mira y mira a una araña. una araña que empieza a subir y el hombre y lo manda al gato que la ve y dice ¿qué? ¿qué es lo que pasa? y el hombre dice por favor cómetela, cómetela bueno y el gato va coge a la araña con las patas la empuja de un lado para otro y hasta que la coge la aplasta un poco y la mete a su boca en secreto y la debía dejar el hombre se siente tranquilo muchas gracias, gracias por ayudarme el gato feliz, con su cara de felicidad y el hombre va a decir gracias ya la acaricia y sigue leyendo está leyendo, sigue leyendo y el gato en el abocado hasta que reburguita lo escupe y le trata de pasar la voz de que la araña está ahí pero el hombre solamente lo acaricia y sigue leyendo el hombre lo acaricia y el gato se desespera uy y la araña se empieza a reincorporar sus patitas todo y el gato se trepa en los brazos y se va a ir a la casa y le va a pasar la voz mira, mira pero el hombre lo acaricia tranquilo, tranquilo y sigue leyendo y la araña avanza avanza, avanza y el gato se desespera trata de señalar pues no, aquí está la araña pero no, el señor ya y sigue leyendo la araña se le trepa al señor pero el hombre no se da cuenta pues no no siente la araña sube su cabeza y el gato le trata de pasar le dice, y tú sube la voz pero el hombre no el hombre siente en la cabeza cae, baja por el brazo el hombre voltea para ver al gato cuando baja por el brazo y se pone en el libro lo que está leyendo trata de seguir pasándole la voz el hombre lo mira, vuelve a mirar su lectura y ve a la araña, y de pronto se va para atrás, con silla, se cae y ahí creo que queda se cae y el gato lo queda mirando con la araña se queda mirando se miran los dos y ahí termina que tal"
dataset6,LSP - Diálogo -Consultores 2 y 18- Sesión 3,2590,-297.5,754.5," Ahora vamos a ver en silencio, cada uno va a ver en silencio las imágenes que componen una historia, sin hablar primero. Una vez que ha terminado la historia, entonces ahora puedes contarle a tu traductor la historia. Puede volver a ver las imágenes si lo desea. Hay que asegurarse que la otra persona entienda la historia porque ella va a tener que contarla otra vez sin ver la figura. ¿Sí? ¿Sí? Entonces, ahora vamos a empezar. La historia va a aparecer. La historia va a aparecer. La historia va a aparecer. La historia va a aparecer. La historia va a aparecer. Gracias. Gracias. Gracias. Gracias. Gracias. Gracias. Gracias. Gracias. Gracias. Gracias. Gracias. Gracias. Gracias. Gracias. Gracias. Gracias. Gracias. Gracias. Gracias. Gracias. Gracias. Gracias. Gracias. Gracias. Gracias. Gracias. Gracias. Gracias. sale por el camino y pensó que nada, nada, tranquilo. Regresa a su casa, uy, está con frío. Y piensa, ¿qué me faltó? ¿Qué necesito? Ah, una chompa, me faltó la chompa. Otro. Rafael, estaba hirviendo, había mucho aire, mucho viento. Y se fue, falta, ¿qué me falta? Dice, ¿no? Está pensando, se preguntaba, ¿qué me falta? No sé. Ah, me falta un gorro, para protegerme del sol y poder ver bien. El hombre dice, hay que poner el bolso, el saco, el paraguas, y se va con la mochila puesta, con el gorro, con todas las cosas. Luego el amigo llama por teléfono y le dice, ¿qué cosa vamos a poner, qué vamos a empacar? Le dice, el gorro. Ah, ya, ya, ¿va a llover? ¿Sabes tú si va a llover? Hay que llevar el gorro. Le pregunta, ¿no? ¿Qué cosa es lo que va a llevar? Una casaca llevaré, si es que hace frío, sí, hay que llevar la casaca. Hace viento, mucho viento, hace frío, sí, sí hace frío. Entonces también hay que llevarla. La gorra, que hay viento, hay sol, hay que protegerse, entonces hay que llevar. Entonces ya luego metió todo y se fue y ya terminó. Ahora vamos a cambiar. Juan. Primero, Juan. Hombre fuerte, estaba con un camino, estaba lloviendo, todo mojado. Estaba con mucha agua y vio el paraguas. Descensó, ¿no? ¿Qué le faltaba? El segundo, Pedro. Estaba caminando, había mucho viento y le faltaba el gorro. El tercero, Rafael. Me olvidé. Rafael, ¿qué? Rafael del gorro. Ah. Rafael, caminando, el sol, mucho sol. Le faltaba, pensó, ah, el gorro, importante el gorro. Nada más. Gracias.jawas.org° ¿qué? ¿no se ve? no. No esperé<|haw|> que tenías. ¿y el otro? ¿qué? No se ve. ¿que? No. No se ve. No. Nada más слinha usted. Gracias. Gracias. Gracias. Gracias. Gracias. Gracias. Gracias. Gracias. Gracias. Gracias. Gracias. Gracias. Gracias. Tommy, ¿estás listo? ¿anga' arenas tu? ¿Qu'es ahí Aji? Sí. Estoy bien, Gracias. Gracias. Gracias. Gracias. Gracias. Gracias. Gracias. Gracias. Gracias. Gracias. Gracias. Bien, muchas gracias Gloria. María María Lucía Augustina, doctor en la Universidad Nacional del Uruguay. Amigos, todasainen te dan unieron aiar. Aguante, por favor. Aguante, por favor. el video. Igual que en la otra parte, aquí hay una historia y hay que contar la historia al interlocutor. Entonces tienes que ver el video en silencio y luego contar la historia. Igual hay que asegurarse que el interlocutor entiende la historia porque ella la va a contar sin ver el video. Y el interlocutor puede hacer preguntas si no entiende. Igual hay que asegurarse que el interlocutor entiende la historia porque ella la va a contar sin ver el video. Igual hay que asegurarse que el interlocutor entiende la historia porque ella la va a contar sin ver el video. Igual hay que asegurarse que el interlocutor entiende la historia porque ella la va a contar sin ver el video. Igual hay que asegurarse que el interlocutor entiende la historia porque ella la va a contar sin ver el video. Igual hay que asegurarse que el interlocutor entiende la historia porque ella la va a contar sin ver el video. el pecado todo asíüyor, todo lo miran y agride y se cago vamos a seguir ¡Uff! Uff! ¡Uff! ¡Uff! El nombre, Simón... ... Está sentado en una casa, en la sala, leñendo. Es capaz, ¡eh! Está tan bella, está leñendo, ¿no? Y el gato está ahí, lo miran. Se lamen. El gato sigue leñendo. Y este bebé se asusta. El gato lo mira, maúlla. Y dice, mira, mira que hay ahí. y la araña se asusta y dice ¡Oh! ¡Qué coce araña! El gato mira, se acerca, juega y la araña va de un lado a otro, el hombre se asusta y coge los pies de la silla y el gato sigue jugando y se lo come. Se lo pasa, lo mira y el otro día dice ¡Ay! ¡Qué tibio! Entonces, sigue riendo y el gato lo mira y vomita a la araña. Y la araña comienza a sufrirse. Se pasa la voz al amo y el amo le hace el cariñito. Entonces, tranquilo, el gato no huye, trata de pasar la voz. Y el hombre lo mira, le hace el cariño. ¡Ah! No importa cómo se asusta. Y la araña sigue. El gato trata de pasarle la voz y el hombre sigue. El gato trata de agarrar la alergia en la cabeza del hombre. Se rasca. El gato trata y no puede. El gato trata, insiste, va con la voz y el hombre no le hace el caso. Lo que le pasa en el libro, te asusta. Se cae. Las cortinas. La lámpara. Se tropieza. Se congela. Y sale y el gato, a pesar de que no passive en esta situación, sigue riendo, Psychosis. Lo empieza a transportationar. De esta manera, se escapó. Y el gato sí. En la araña, en este modo, queda la boca hinchada, gato. Ok. Pero, al pensar que no sirve para lo beso, esposó a el padre suave. Lo onwards, dibujando la cara, que estaba enamorado, salto, fue obligado a rezar. Un hombre, Simón, que en un lugar que está sentado, leyendo, yo acá estoy acostada, el hombre está leyendo y veo una araña. Aparece junto con mis zapatos. El hombre coge los pies, se asusta, y el gato va, entiende qué pasa, el hombre sigue asustado, y el gato va a agarrar el gato y queda callado. Y el hombre se queda tranquilo, y el gato vomita, y la araña no quiere que se trepase, y el hombre está distraído, no se da cuenta, la araña sigue, y el gato sigue maullando, maullando, como cuando en la voz y él no se da cuenta. El gato se queda tranquilo, y la araña sigue pasando, y el gato también trata de agarrar la araña. Y la araña sube, y lo pone en el libro, y se asusta el hombre, agarra la araña, la lámpara se cae, y el hombre se va, y el gato volvea a la araña. Vamos a ir con otro video, ahora a la revista. El gato se queda tranquilo, y el gato va a agarrar la araña. El gato se queda tranquilo, y el gato va a agarrar la araña. El gato se queda tranquilo, y el gato va a agarrar la araña. El gato se queda tranquilo, y el gato va a agarrar la araña. El gato se queda tranquilo, y el gato va a agarrar la araña. El gato se queda tranquilo, y el gato va a agarrar la araña. El gato se queda tranquilo, y el gato va a agarrar la araña. El gato se queda tranquilo, y el gato va a agarrar la araña. El gato se queda tranquilo, y el gato va a agarrar la araña. El gato se queda tranquilo, y el gato va a grabar a la terra. El gato se queda tranquilo, y el gato va a grabar a la terra. El gato se queda tranquilo, y el gato va a grabar a la terra. ¡Ah! Un gato En un jardín Llega un conejo El gato trata de ir Y agarra, el conejo salta Se asusta Y cuando Hay un hombre con una red Le agarra Trata de cazarlo Le enreda Y el gato le comete una muerte Y el gato le comete una muerte Y el gato le comete una muerte Y el gato le comete una muerte Y el gato le comete una muerte Y el gato le comete una muerte Y el conejo se da la vuelta Y se queda mirando junto con él Hasta que se voltea y se asusta Hasta los dos puntos Vio una red Agarra la red Y trata de agarrarlo Está cansado el gato Y piensa, mmm, una idea Y se hace Y se cae Mentira, está diciendo mentira Que se ha muerto El conejo se acerca y dice A ver Dice, se ha muerto Abre su ojo Y lo agarra El conejo se asusta Qué miedo Lo va a matar Pero, ay, se acuerda que ha jugado tanto Todo, no, mejor no la ve El conejo va Se vuelve amigo Se abraza Se acuerda Se agarra Y ya Muy bien Vamos a hacer otra más Quién v Ngoto Les Aiyo Si장 Y lo hacen Y 0 Solo C0 Tu Yose Es wind 1, 1, 1, 2, 2 Якotto,uaquita lá. Cállate en el cuello y ve. Não pode update. Cante também, simp probar o goleiro. O75 cis nieto acoubetite nondaلا ogrado mas na hora vertically. Carte el perispacto no está bodies Mr Pig um général como si fueram dominated. Siem tal Uz placing tonight without repositions y sin aí hemos visto eres miles de Representantes del deporte de Bad morale in China. It's mean to us too ¡No! No! No! Otra vez no. En una casa, el televisor, hay repisas, el televisor, el que se pone en la mesa, hay dos gatos, uno grande y uno chiquito. Están jugando con la pluma que se sale de un pájaro. Aquí se están jugando. Y el gato grande también juega. Y en eso se lo... ya se ha aprendido. Me dicen a ver la televisión. Tenía un pajarito que estaba ahí en la televisión. Varios pájaros que estaban volando. Después cambian y está la pelota de un lado a otro. Otra vez cambian el canal y están como... y domillan. Y es donde sale el hueco. Golpean. Y el gato se queda mirando. Y busca. Le pregunta al televisor dónde está la pelota, dónde ha caído. Y no dice nada. Y el gato se da la vuelta buscando. La persona cambia. Están hablando. Se aburren. Y está en la televisión un pajarito que está parado encima del árbol. Y se acercan los dos. El pajarito trata de subirse. Y el televisor se cae. Aquí es el piso. Los gatos se van. Siguen jugando. La televisión está rota en el piso. Y los gatos se van. Muy bien. Ahora vamos a hacer una cosa. No. Eh, no. ¿No se ve toda la escena? Ah, pero sí, sí, sí. Disculpa. Sí, sí, sí. Es correcto. Es correcto. Ahí está la televisión. Ahí están los gatos. Uno grande, otro chiquito y la tele. Están pasando dibujos. Y comienza a ver... ...de unas plumas un pájaro. Y la actriz está jugando. El gato grande le pega al chiquito. Y jugando con la pluma. ¿Qué es eso? Pluma. La televisión que hay. La televisión que ves. El pájaro que la escucha. Ahí está la tele. Que es dibujo de un pajarito. Y una mujer que está hablando. Y sigue jugando porque está aburrido. Y en esto aparece en la tele un hombre que está... ...una persona que está jugando billar. Y busca la pelota. Se acercan a ver dónde está. Y como la pelota cae, los gatos buscan debajo de la televisión dónde está. Y se cae la televisión. Y la pelota se va. Y el gato se va. Y el gato se va. Y el gato se va. Y el gato se va. Y el gato se va. Y se cae la televisión. Los gatos siguen jugando en el piso. Y ellos se van. Muy bien. Ahora vamos a pasar a la última parte. Aquí también vamos a ver un video. Solo un video. Pero es largo. Es más largo. Entonces, ya. Uno va a ver la primera mitad. Esta es la primer mitad. Y, digamos... Cuando termina el bárcalo, le cuenta la historia al interlocutor. Y después se intercambian. Y el interlocutor... Continúa viendo el video. Y te cuenta la segunda mitad. Y entonces, Luego de que en aquel momento tuviese cortado laengua realmente... Le cortó un grampo. mineral走了, entonces... Puede que esto sea una serie deworkout, que es lo que vendemos a hacer. Ir con el cartel del software. O lo que es construir. O lo que está movements. Entonces, te lo dime tú mismo. Podría hacer un solo protein AJ elegido de client wollten dejaré lo mismo por 10 minutos. No es tan difícil porque después de más que estar ahí, también se Moroccan el reloj del software. En Internet. Ya está. ¡Ah! ¡Ah! ¡Ah! ¡Ah! ¡Ah! ¡Ah! ¡Ah! ¿No está claro? ¿Puedo hacerlo otra vez? No, no, solo hacer esto. Empieza con un hombre que llega a un sitio, a un sitio de madera, el nombre de uno, se llama la historia. Hay montañas y ve, o como un pueblo, y viaja y ve a un gato que se sube a un árbol con la otra boca, y está jugando con un perro, y luego llega con el carruaje, le asusta el perro y sigue, y cambia su carruaje, se abre, se abre, y el perro se cambia, y se va a buscar disco. Una mujer viejita está cortando algo, se levanta con su bastón, y le entrega unas flores, lo que ella cortó la máscara. La que se lleva, y busca y no hay nadie. Se sienta aburrido, juega con un pelito con el perro, está aburrido, sentado, pasa el tiempo, y el niño chiquito, pasa jugando, el hombre ve, está jugando con una cosita, lo agarra, lo cambia, y comienza a volar, y ahí se queda. Y el niño chiquito, lo agarra, lo cambia, y comienza a volar, y ahí se queda. Y el niño chiquito, está aburrido, está sentado, pasa el tiempo, y se queda. Pregunta. La mujer viejita, ¿qué? ¿Se ha liado? ¿Sí? ¿Sí? ¿No? ¿Qué? ¿Qué? Ahí está. Ahí está. ¿No? Aquí ya se fué. Ahi está ya sólo te vengo yo de Surely. Didn't expect that, . Si bien lo fan diamond's grilled. Pero, ¿Dónde se ponen los juguetes? Porque, yo porque yo estoy enfurrecida. ¿Qué?rd Pasa cuanto tiempo menos wüns. Ya me agarrive de si yo estoy en arco o no. Agua y nada, hasta después de fácilt traelog 세任 Barîs sui  unknown. Ahí me gangro una con una fira啊 cien estampada Vamos a ver. A ver. A ver. A ver. A ver. A ver. A ver. A ver. A ver. A ver. A ver. El hombre baja. Y tira el hueso. Y el perro es grandote. Corre, corre, corre. Se le cae la baba corriendo. Y cae donde hay agua. Y de volver chiquito, feo de nuevo otra vez. Y de volver chiquito, feo de nuevo otra vez. una confusión, entonces se muera con sus cosas y se va el mundo aplaude ay chao, se despide también se despide el hombre baja y ve que se va todo su cariño lo había guardado el perro está todo viejo, feo comienza a llover y todo comienza a cambiar el perro viejo todo estaba nuevo, comienza a ser viejo y ya se va y ya se acabó ¿me hizo?"
dataset6,LSP - Diálogo Consultores 3 y 7- Sesión 3 (parte 15),988,-297.5,754.5," La cortina, no te entiendes con la cortina, cuando se cae el hombre se enreda con la cortina y no puede ver y por eso se va. El gato, no, el hombre. Sí, pero está bien, perfecto, no hay ningún problema. ¿Qué pasa? ¿Qué pasa? ¿Qué pasa? ¿Qué pasa? ¿Qué pasa? ¿Qué pasa? ¿Qué pasa? ¿Qué pasa? Muy bien. Muy bien. A ver, voy a empezar a contarles esta historia. Es un jardín. Y hay una flor. Y acá al otro lado, un muñeco. Un muñeco está quieto ahí a un costado. Y con él, una ardillita, con él, una ardillita. Y un gato se acerca. Tapado entre el césped. Y la ardillita es de cucharas. Y ahí hay algo raro. Y el gato, uy, se lanza encima. El gato y un conejo. Entonces empiezan a perseguir. El gato lo atrapa. Lo atrapa. No, piensa que lo ha atrapado, pero no lo ha atrapado. Entonces la ardillita por el otro lado, por la espalda, le pasa la voz. Y el gato se voltea y le hace una burla, ¿no? Hola. Y el gato empieza a perseguir. Así, la ardillita. El gato con la ardillita. Se empiezan a perseguir, perseguir. Hasta que se encuentren, que lo esté jugando, no sé. Ambos están cansados. Pero el gato trata de atraparlo otra vez y se esconde. Y el gato se voltea. Entre las flores, se mete ahí. Ahí se... Se esconde con la flor. Entonces el gato mira. Se queda ahí vigilando. Y hay varios conejos. Todos alrededor. La ardillita estaba allí. Mirando de un lado para otro. Entonces cuando el gato se voltea, sale corriendo. Y ahí vi un millejo ahí estático. La ardillita va por encima. Se pone encima del conejo. De esos muñecos que es estático. ¿Ves? El gato trata de acercarse y el muñeco como que empieza a avanzar. Y es como que le tira con el mazo que tiene. Ah, con una vez con la que lo atrapa. ¿Verdad? Sí. ¿Verdad? ¿Verdad? Sí. Sí. Sí. Sí. Sí. Sí. Sí. Sí. Sí. Sí. Sí. Sí. Sí. Sí. Sí. Sí. Sí. Sí. Sí. Sí. Sí. Sí. Sí. Sí. Sí. Sí. Sí. Sí. Sí. Sí. Sí. Sí. Sí. y de pronto lo suelta, y la hijita le saca un poco de aquí y el gato se queda mirando, la hijita lo mira y se abraza y el gato se sorprende, porque le toca la pata y la carita y... y ahí termina, ¿no? con la abraza Muy bien, ahora cambiamos Un segundo para ajustar Ya Listo Ha contado una historia No hizo mejor nada, ¿sí? Voy a ver cómo completó con mi dedo A ver si encaja con la historia ¿No me contaron una historia? Sí ¿Qué es? Es un jardín Donde hay una flor, flores, flores Estas florcitas más bonitas Hay un gato que está jugando allí La mía está tranquila y por ahí hay un roedor, un conejo Que se está lamiando las orejas, todo Saltando de un lugar para otro Empieza a coger, a comer Y el gato de pronto le mira Y sigilosamente se va salcando Y el conejo escucha Voltea Y se pone en alerta, se pone a olerquear allí Alza sus orejitas Y luego, es como si fuera un gato El gato que se ha puesto en el lugar El gato que se le va encima Entonces se empiezan a perseguir Entre las flores, entre el pasto Se empiezan El gato trata de atraparlo Lo ven por aquí El conejo salta, salta, salta, salta Salta, salta, salta De un lugar para otro El gato también lo persigue Pero el conejo se le escapa Trata de atraparlo Y otra vez vuelve a sentar y así Y allí había un muñeco Con una colita Que le ponía No sabía nada Y le ponía una colita Y él se fue Se fue No sabía nada Y luego, el conejo Se fue muñeco con una red como de maripara mariposas el conejo y el gato siguen en su persecución y el conejo entra a un lugar escondido y el gato se queda ahí vigilante mientras que mira por un lado el conejo sale por el otro el conejo se da la vuelta y el gato se queda mirando, mirando, mirando y el gato está ahí vigilante por ejemplo se ha dado cuenta de que el conejo hasta que se queda mirando se vuelve a mirar, se da cuenta que está a su costado el conejo y lo vuelve a perseguir, a perseguir, a perseguir el conejo salta y el muñeco el conejo se pone encima del muñequito ese que está estático y el gato coge esa red, esa red y se la pone encima y el gato se pone encima del muñequito entonces como que lo atrapa y el gato ya tiene experiencia saca sus garras ya lo tiene con una pata el conejo y de la otra pata saca todas sus garras así ya listo para el conejo lo queda mirando así con su cara asustada y pone su cara así todo dulce con sus ojitos brillantes lo queda mirando y el gato como que lo mira y se conmueve y se mueve y el conejito lo sigue mirando con sus ojitos así todo brillante y el gato como que guarda sus garras y es como que ya pues y el conejo todos asustados y el gato como que respira y ya bueno y el conejo que oh si me han perdonado y el gato como que por qué te me acercas no arrímate y el conejo que y el gato se empieza a lavar la pata pero el conejo está feliz de que la haya dejado libre entonces lo abraza y el gato se siente extraño porque está siendo abrazado y acariciado por el conejo pero al gato le gusta y como que acepta y acepta el cariño del conejo y ahí acaba la historia"
dataset6,LSP - Diálogo - Consultores 8 y 22 - Sesión 3 (parte 14),821,-297.5,754.5," El ejemplo de David Coco, mi esposa. Hago todo lo que puedo, ejemplo de un mar, ejemplo de un mar. Afuera, están discutiendo, están discutiendo, están discutiendo, están hablando. Pero el oyente mira, lo escucha, lo escucha, lo conoce, sabe qué problema es. Pero son dos, también, y entienden, no saben perfectamente, pero son expertos en mirar la fisonomía, en mirar si es que están jugando o no. El otro dice no, los otros están mirando, como psicólogos, saben tener las expresiones correctas. Dijeron cuando no, otro, otro, otro, entonces, perfecto. Pero no escuchan palabras, pero sí saben, como unos psicólogos que están mirando, perfecto las expresiones de los otros. Usan mucho la observación. El trabajo de los ojos, la boca, porque esa es su manera de comunicarse. Una forma de mostrar una frase de lenguaje no oral. Otra. Se le escapa a mí, les digo. Los ojos. Los ojos. Sienten, saben, hay un ladrón ahí. Otro está por allá, dos. Los ojos saben, saben, saben. Pero es peligroso, no pueden decirle a los hijos, no son ladrones, porque le pueden parar. Los ojos a veces dicen, no saben, se les escapa la cosa. Entonces, los dos, hay dos que están preparándose para robar, acertar. Pero los ojos se callan, porque no pueden, no pueden hacer nada. Porque se le aman las manos y se van. ¿No? Bueno. ¿Qué pasó? Ya, pasó lo que mataron a Guachimar. Los ojos sabían. Pero no pueden decirle, porque tienen por temor. A expresarles. Pueden matar. Los ojos son expertos. Ya, pregunto. Yo entiendo, yo entiendo porque convivo con los zorros, conozco a los zorros. Pero muchas personas oyentes no van a entender mi carácter. ¿Cómo un zorro puede saber? ¿Cómo? ¿Qué mira? ¿Qué está mirando? ¿Qué está observando? ¿Cómo? A ver. El cuerpo. Mientras los cuerpos. Si los zorros no entienden cómo están mirando. Es un idioma de señas. No solamente las expresiones. Las expresiones están mirando también a expresiones. Como es un idioma también. El cuerpo. El movimiento del cuerpo también es un idioma. ¿Están pensando si solamente las señas? No. Todo, todo es. Todo completamente. Completamente los movimientos. Las expresiones. Todo. Todo. Por eso pueden entender qué está pasando. Pueden entender. Los zorros. Tienen. Instinto. Un instinto. Igual que un animal. También. Un radar. Los zorros. Tienen. Perfecto. Pueden estar mirando. Ese, ese, ese. Sabe. Corticar. En Inglaterra. En Inglaterra. Los sordos. Un policía. O oyente. En Inglaterra. El cloro. En Inglaterra. En Inglaterra. En Inglaterra. En Inglaterra. A un casino. A un casino. Un casino. Un casino. De muchos sordos. Ahí hay mucho sordo. El policía entró. Se quedaron señas. Y había señas. Y había señas. Y había descritos de señas. Estaban mirando. Estaba solo. Estaba solo. Estaba mirando ahí. Los sordos. Dijeron. ¿Qué? ¿Es un platero, vio? El policía oyente dijo. ¿Qué? ¿Cómo? Entiendo. ¿Cómo es un platero? Espérate. Pasa, pasa, pasa. y los ganó. Ah, mira, y verdad, estaba robando las cosas de Chaparro. El policía, entonces yo quiero que ustedes, sordos, trabajen como los policías. Yo necesito, necesito ahora muchos policías sordos que trabajen en iguales que policía. Son perfectos, pueden construir muchas cosas. Los sordos tienen un talento interno, un poder interno. Están ahí, se siente un instinto diferente. Tal vez tú le va a decir que es casar con sordo, es su esposa sordo. Sí, esa experiencia mi esposa sí. Yo ni me doy cuenta que me hizo al mirar. Es un hecho que va así, así, así. Así, así, así. Sí, eso sí puedo yo ver bien siempre con mi esposa. Eso es verdad, mi policía dice. Gracias. En Estados Unidos también, también, hay muchos sordos que trabajan en el FBI. Buscan sordos perfectos. ¿Por qué? No porque, no por ciencia, sino porque ellos captan o capturan también algunos sordos en Estados Unidos, son perfectos sordistas. Entonces, algunos famosos en televisión, por ejemplo, mujeres, ¿no? Están ahí, actores y... Series. Series, series, series, series. Hay unas series, mujeres, no sé, su... No sabía si escuchaba una sorda famosa, actriz. Es perfecta. Pero era, a veces, un experto que trabaja como... Oye, güey digital. Güey, güey, güey digital. Trabajaba analizando los güeyes por años y años. No podía trabajar. El FBI me vio y se quito. Y no puedes trabajar así, con los güeyes. ¿Por qué? Porque no te usan de otra manera. Y ya no te usan. ¿Puedes organizar? Digo, sí, sí puedo organizar. Entonces, tú preguntas. ¿Puedes tú mirar lejos las... La gente dice, sí, sí, yo puedo tratar. Comenzaron, por ejemplo, una... Telescopio de la Gavista. Y comenzaron a ver a diferentes personas. Suspechosos que hablaban, ¿no? Para captar, capturarlos. Porque la lectura biofacial para ellos era muy fácil. Entonces, no trabajan así. Están muy perfectos. Entonces, ¿qué es lo que se llama? ¿Qué es lo que se llama? ¿Qué es lo que se llama? Son muy lungas. Por eso dicen tan geografías."
dataset6,LSP - Diálogo Consultores 15 y 12- Sesión 3 (parte 01),762,-297.5,754.5," Bien, se ve cerro. Primero, muchas gracias por estar acá. Hoy día vamos a hacer algo distinto. Vamos a hacer lo siguiente. Vamos a presentar varias secuencias de imágenes. Esas imágenes forman una historia. Entonces, uno de ustedes va a tener que ver esa historia en la pantalla, en la computadora. Y después que la vea, le tiene que contar al otro la historia. Las imágenes las puede ver todas las veces que quiera hasta que entienda la historia y luego la tiene que contar. Pero la tiene que contar bien de manera que el otro entienda. Porque después la otra persona tiene que volverla a contar. Tiene que volverla a contar. Tiene que volverla a contar para que... volverla a contar bien. Y por supuesto, eso se va intercambiando. Son cuatro historias y se va intercambiando. Primero uno ve, luego el otro cuenta, luego el otro ve y el otro cuenta y así. ¿Sí? ¿Está claro? Sí. Entonces... Vamos a empezar. Vamos a empezar. A ver, ¿están las instrucciones? Sí. Ya están dadas. Simplemente tú vas despacito hasta que se acabe. Ok. Ya puedo... Claro. Está claro. Estoy leyendo. ¿Estás leyendo? Sí. Sí, me oí. ¿Sí? ¿Estás leyendo? Sí. Muy bien. ¿Te oigo más? ¿Sí? Sí. ¿Verdad? ¿Verdad? Sí. As 5. YSO... Mirando para luego vamos a Grand-Oc. Me los Gancaa... Este tiene un Foi muy blanco. Mire, vamos a mirar no no parce sou. Viene. Deprimido. Sí,íllalo. Aquí si. Que es... Esta... Lo tienes aquí. Bueno, ¿qué tiene eso? No sé si está en...舞-big... Eh... No sé si se puede escuchar eso... Gracias. Gracias. Gracias. Gracias. Gracias. Gracias. Gracias. Gracias. Gracias. Gracias. Gracias. Gracias. Gracias.まゆき قال. залan. Ya lo cuento? Si. Una mujer de nombre Sofia y era una gitana, una bruja. Esa mujer ve a dos hombres, uno alto y uno bajo. Se queda pensando, cual? Cual es el hijo del namorado? No se. El hombre alto 1.96 cm. Y el otro gordo, 1.96 cm. Y el otro gordo, 1.60 cm. Y el otro gordo, 1.60 cm. Y la mujer dice, con cual? Tenia dudas, con cual me caso? No se. Se va caminando y llega donde una adivina. Entra, se sienta y la mujer le cuenta. La gitana adivina. Y la adivina, yo se. Consulta su bola mágica. Y el hombre alto, esta bien. Tu lo deberias elegir como esposo, te vas a sentir feliz, vas a tener hijos, te van a ocupar. Te van a estar bien. Y la mujer, mmmmm. Y se va. Se casa y luego, si perfecto. Coincide con lo que la adivina me dijo. Otro, segundo, con el gordo, con el gordito. La chica empieza a dudar, no? Se mira y pasa, volvemos. Tuvo un accidente, otra vez. Se va y consulta con la adivina. Una pregunta, tranquila, yo se. Y la adivina vuelve a consultar con su bola mágica y le dice. El hombre gordo, muy bueno, suerte. Millonario, su esposo hubiera sido, no? Luego la chica dice, no, no, no, no, no. Que ha pasado? Tengo una duda. Pues cual? Tengo una duda. El hombre se llama Juan. Y nada mas le dice, que va. Tu entendiste? Puedes contarlo? Ah, tiene que cambiar. Otra vez? No, quiere que se lo cuente otra vez. Una mujer que se llamaba Sofía. Habían dos hombres, uno alto, uno bajo. La chica dice, con cual, cual me gusta para elegirlo para el esposo. El alto mide 1,96 centímetros. Y el otro gordo, mas bajo, 1,60 centímetros. Con cual, con cual elijo? La chica esta de duda, mejor. Voy a donde una bruja, una divina. Entra y dice, quiero saber. Y ella analiza con su voz, le dice, el hombre es muy bueno. Lo vas a casar y después de tener hijos, vas a comprar. Van a compartir muy bien, vas a hacer feliz. Ha sido, verdad? Se casa. Con el hombre alto. Luego si, ve que coinciden las cosas que le había dicho la divina. Se queda pensando, no. El otro, el bajito, el gordito. De pronto, tal vez si empezaba a tener un accidente o algo. Que será, mejor voy a ver, consulta con la divina. Y le pregunto por el hombre bajito. Ve, ve su voz, le dice, ese es muy bueno, ese hombre si tuviera caso hubiera sido un petrisimo, hubiera sido un toro de dinero millonario. Y la mujer, no, no, no, no, no, no. Y la chica le dice, que cosa no entiendo. Ese hombre se llama Juan. Y ahí nada más, ahí se cabe, la mujer se queda en duda. Ahí se cabe."
dataset7,CARTAS-DE-TAROT_ORACION_1,2,1.0,1.0,cartas-de-tarot
dataset7,BOLA-DE-CRISTAL_1,2,1.0,1.0,bola-de-cristal
dataset7,ABECEDARIO,2,1.0,1.0,abecedario.mp4
dataset7,CARTAS-DE-TAROT_1,2,1.0,1.0,cartas-de-tarot
dataset7,BOLA-DE-CRISTAL_ORACION_1,2,1.0,1.0,bola-de-cristal
dataset7,LENTES-DE-SOL_1,2,1.0,1.0,lentes-de-sol
dataset7,LENTES-DE-SOL-ORACION_1,2,1.0,1.0,lentes-de-sol-oracion
